CowID,Cow Sold,Herd Sold,Cow Shortloss,Herd Shortloss,Cow Longloss,Herd Longloss,Cow Failure,Herd Failure,Cow Recurred,Herd Recurred,Cow Quality
419161403,30.0,51,28.0,49,25.0,51,48.0,48,46.0,47,2
H01181399,79.0,51,52.0,49,63.0,51,44.0,48,25.0,47,4
H01250034,12.0,51,22.0,49,24.0,51,57.0,48,23.0,47,1
H01250049,48.0,51,50.0,49,50.0,51,53.0,48,54.0,47,3
H01250049,61.0,51,69.0,49,64.0,51,63.0,48,66.0,47,3
H01250049,15.0,51,30.0,49,50.0,51,44.0,48,33.0,47,3
H01250057,63.0,51,43.0,49,49.0,51,61.0,48,48.0,47,3
H01250129,47.0,51,38.0,49,32.0,51,57.0,48,51.0,47,3
H01250129,54.0,51,51.0,49,53.0,51,54.0,48,58.0,47,3
H01250137,57.0,51,50.0,49,73.0,51,58.0,48,33.0,47,4
H01250137,50.0,51,50.0,49,59.0,51,59.0,48,63.0,47,3
H01250137,68.0,51,64.0,49,73.0,51,30.0,48,63.0,47,4
H01250137,72.0,51,79.0,49,83.0,51,46.0,48,60.0,47,4
H01250142,66.0,51,68.0,49,70.0,51,58.0,48,66.0,47,3
H01250150,59.0,51,41.0,49,48.0,51,41.0,48,48.0,47,3
H01250151,78.0,51,68.0,49,71.0,51,67.0,48,53.0,47,4
H01250156,48.0,51,36.0,49,33.0,51,31.0,48,48.0,47,2
H01250157,49.0,51,44.0,49,46.0,51,42.0,48,53.0,47,3
H01250157,49.0,51,47.0,49,46.0,51,48.0,48,55.0,47,3
H01250157,69.0,51,66.0,49,68.0,51,45.0,48,34.0,47,3
H01250164,53.0,51,40.0,49,45.0,51,43.0,48,47.0,47,3
H01250169,67.0,51,60.0,49,61.0,51,53.0,48,55.0,47,3
H01250169,75.0,51,70.0,49,71.0,51,67.0,48,58.0,47,4
H01250174,23.0,51,33.0,49,65.0,51,27.0,48,46.0,47,3
H01598364,47.0,51,35.0,49,31.0,51,39.0,48,37.0,47,2
H01598373,51.0,51,47.0,49,34.0,51,58.0,48,49.0,47,3
H01625650,56.0,51,47.0,49,42.0,51,36.0,48,46.0,47,3
H01625650,57.0,51,50.0,49,53.0,51,62.0,48,56.0,47,3
H01625657,41.0,51,32.0,49,29.0,51,45.0,48,48.0,47,2
H01625659,19.0,51,17.0,49,10.0,51,34.0,48,28.0,47,1
H01625672,35.0,51,20.0,49,15.0,51,58.0,48,30.0,47,2
N01431015,75.0,51,48.0,49,48.0,51,49.0,48,28.0,47,4
N01435022,65.0,51,53.0,49,53.0,51,50.0,48,45.0,47,3
N01435029,69.0,51,49.0,49,58.0,51,31.0,48,44.0,47,3
N01454192,69.0,51,58.0,49,65.0,51,57.0,48,54.0,47,3
N01454192,69.0,51,59.0,49,65.0,51,52.0,48,56.0,47,3
N01454192,75.0,51,69.0,49,74.0,51,65.0,48,61.0,47,4
N01454199,60.0,51,52.0,49,57.0,51,63.0,48,46.0,47,3
N02492613,80.0,51,55.0,49,75.0,51,48.0,48,41.0,47,4
N02503352,67.0,51,54.0,49,68.0,51,28.0,48,51.0,47,3
N02507099,73.0,51,63.0,49,68.0,51,59.0,48,62.0,47,4
N02515900,74.0,51,70.0,49,75.0,51,56.0,48,67.0,47,4
N02515900,77.0,51,77.0,49,82.0,51,46.0,48,68.0,47,4
N03521458,27.0,51,41.0,49,57.0,51,33.0,48,35.0,47,3
N03521458,30.0,51,45.0,49,52.0,51,31.0,48,45.0,47,3
N03521458,30.0,51,55.0,49,55.0,51,52.0,48,44.0,47,3
N03525486,60.0,51,48.0,49,54.0,51,50.0,48,56.0,47,3
N03546885,65.0,51,55.0,49,63.0,51,29.0,48,48.0,47,3
N04573895,76.0,51,60.0,49,65.0,51,57.0,48,52.0,47,4
N04573895,83.0,51,70.0,49,70.0,51,59.0,48,58.0,47,4
N04573897,22.0,51,35.0,49,36.0,51,52.0,48,45.0,47,2
N04576869,70.0,51,66.0,49,67.0,51,45.0,48,40.0,47,3
N04576873,21.0,51,32.0,49,32.0,51,34.0,48,54.0,47,3
N04580316,22.0,51,44.0,49,45.0,51,23.0,48,42.0,47,2
N04580316,20.0,51,57.0,49,55.0,51,57.0,48,51.0,47,3
N04580319,22.0,51,26.0,49,46.0,51,33.0,48,32.0,47,2
N04580319,75.0,51,51.0,49,65.0,51,35.0,48,53.0,47,4
N04580322,47.0,51,49.0,49,47.0,51,39.0,48,52.0,47,3
N04580322,54.0,51,67.0,49,72.0,51,50.0,48,63.0,47,4
N04580323,61.0,51,50.0,49,56.0,51,58.0,48,52.0,47,3
N04580323,74.0,51,62.0,49,73.0,51,40.0,48,50.0,47,4
N04580323,80.0,51,76.0,49,78.0,51,58.0,48,55.0,47,4
N04580323,81.0,51,73.0,49,79.0,51,49.0,48,48.0,47,4
N04580324,80.0,51,52.0,49,58.0,51,33.0,48,43.0,47,4
N04580324,87.0,51,71.0,49,77.0,51,36.0,48,48.0,47,4
N04580326,66.0,51,56.0,49,61.0,51,67.0,48,44.0,47,3
N04580329,81.0,51,58.0,49,69.0,51,53.0,48,61.0,47,4
N04580329,58.0,51,51.0,49,62.0,51,55.0,48,66.0,47,3
N04584253,58.0,51,46.0,49,54.0,51,60.0,48,53.0,47,3
N04584256,67.0,51,54.0,49,69.0,51,32.0,48,47.0,47,3
N04584256,74.0,51,68.0,49,74.0,51,53.0,48,55.0,47,4
N04584256,85.0,51,71.0,49,73.0,51,16.0,48,46.0,47,4
N04584256,87.0,51,76.0,49,79.0,51,52.0,48,60.0,47,4
N04587641,51.0,51,46.0,49,49.0,51,48.0,48,57.0,47,3
N04587642,50.0,51,40.0,49,42.0,51,21.0,48,42.0,47,3
N04591362,89.0,51,46.0,49,63.0,51,28.0,48,17.0,47,4
N04591363,49.0,51,46.0,49,37.0,51,47.0,48,53.0,47,3
N04593756,12.0,51,19.0,49,34.0,51,48.0,48,6.0,47,2
N05601394,63.0,51,53.0,49,59.0,51,22.0,48,39.0,47,3
N05608634,66.0,51,53.0,49,64.0,51,41.0,48,58.0,47,3
N05608634,74.0,51,67.0,49,70.0,51,58.0,48,66.0,47,4
N05631057,73.0,51,61.0,49,67.0,51,65.0,48,50.0,47,4
N05631057,81.0,51,70.0,49,74.0,51,60.0,48,51.0,47,4
N06637507,60.0,51,53.0,49,60.0,51,45.0,48,43.0,47,3
N06647666,63.0,51,61.0,49,58.0,51,65.0,48,63.0,47,3
N06651089,21.0,51,22.0,49,25.0,51,46.0,48,40.0,47,2
N06653683,65.0,51,46.0,49,48.0,51,46.0,48,39.0,47,3
N06653683,78.0,51,55.0,49,70.0,51,43.0,48,29.0,47,4
N06653685,51.0,51,55.0,49,71.0,51,35.0,48,52.0,47,4
N06653685,62.0,51,71.0,49,79.0,51,56.0,48,67.0,47,4
N06653688,40.0,51,25.0,49,33.0,51,18.0,48,34.0,47,2
N06653688,48.0,51,49.0,49,54.0,51,40.0,48,52.0,47,3
N06661629,15.0,51,23.0,49,26.0,51,49.0,48,19.0,47,1
N06665487,77.0,51,62.0,49,72.0,51,64.0,48,45.0,47,4
N06669677,39.0,51,36.0,49,30.0,51,55.0,48,48.0,47,2
N06669687,22.0,51,15.0,49,10.0,51,43.0,48,26.0,47,1
N06673251,69.0,51,48.0,49,52.0,51,24.0,48,45.0,47,3
N07676751,59.0,51,51.0,49,53.0,51,64.0,48,51.0,47,3
N07680190,9.0,51,16.0,49,30.0,51,42.0,48,7.0,47,2
N07680190,9.0,51,24.0,49,39.0,51,51.0,48,8.0,47,2
N07680201,72.0,51,56.0,49,64.0,51,54.0,48,52.0,47,4
N07680427,43.0,51,40.0,49,40.0,51,55.0,48,51.0,47,3
N07680427,55.0,51,45.0,49,40.0,51,40.0,48,51.0,47,3
N07680427,89.0,51,72.0,49,78.0,51,61.0,48,68.0,47,4
N07680427,93.0,51,76.0,49,83.0,51,56.0,48,70.0,47,5
N07680427,94.0,51,82.0,49,86.0,51,55.0,48,66.0,47,5
N07680427,95.0,51,83.0,49,91.0,51,52.0,48,69.0,47,5
N07683929,79.0,51,56.0,49,73.0,51,62.0,48,57.0,47,4
N07683929,88.0,51,66.0,49,82.0,51,41.0,48,51.0,47,4
N07683929,90.0,51,73.0,49,85.0,51,48.0,48,54.0,47,4
N07683931,28.0,51,24.0,49,19.0,51,37.0,48,39.0,47,2
N07683933,53.0,51,49.0,49,48.0,51,66.0,48,50.0,47,3
N07683959,70.0,51,54.0,49,53.0,51,69.0,48,48.0,47,3
N07683972,48.0,51,50.0,49,42.0,51,59.0,48,56.0,47,3
N07683972,58.0,51,62.0,49,58.0,51,55.0,48,63.0,47,3
N07683972,67.0,51,69.0,49,66.0,51,57.0,48,68.0,47,3
N07683972,67.0,51,69.0,49,66.0,51,58.0,48,66.0,47,3
N07683972,71.0,51,74.0,49,70.0,51,52.0,48,68.0,47,4
N07683972,80.0,51,74.0,49,74.0,51,53.0,48,64.0,47,4
N07683972,82.0,51,74.0,49,83.0,51,60.0,48,66.0,47,4
N07688046,60.0,51,55.0,49,57.0,51,71.0,48,50.0,47,3
N07688046,71.0,51,63.0,49,61.0,51,40.0,48,52.0,47,4
N07688054,19.0,51,17.0,49,20.0,51,23.0,48,8.0,47,1
N07690900,37.0,51,35.0,49,29.0,51,34.0,48,45.0,47,2
N07690902,59.0,51,50.0,49,50.0,51,49.0,48,45.0,47,3
N07690902,36.0,51,46.0,49,46.0,51,63.0,48,52.0,47,3
N07690902,32.0,51,40.0,49,54.0,51,40.0,48,34.0,47,3
N07690907,41.0,51,47.0,49,45.0,51,31.0,48,39.0,47,2
N07693134,25.0,51,35.0,49,42.0,51,42.0,48,44.0,47,2
N07695742,60.0,51,52.0,49,44.0,51,62.0,48,56.0,47,3
N07695742,60.0,51,52.0,49,44.0,51,63.0,48,61.0,47,3
N07695742,75.0,51,62.0,49,59.0,51,60.0,48,56.0,47,4
N07695747,66.0,51,46.0,49,59.0,51,35.0,48,49.0,47,3
N07695747,73.0,51,62.0,49,66.0,51,37.0,48,57.0,47,4
N07698662,15.0,51,30.0,49,47.0,51,58.0,48,9.0,47,2
N07698662,83.0,51,69.0,49,73.0,51,59.0,48,65.0,47,4
N07698663,16.0,51,28.0,49,57.0,51,47.0,48,33.0,47,3
N07698663,68.0,51,63.0,49,72.0,51,68.0,48,63.0,47,4
N07698663,86.0,51,72.0,49,78.0,51,38.0,48,38.0,47,4
N07698664,30.0,51,27.0,49,26.0,51,56.0,48,43.0,47,2
N07698664,15.0,51,31.0,49,36.0,51,49.0,48,26.0,47,2
N07698664,79.0,51,71.0,49,80.0,51,58.0,48,68.0,47,4
N07698666,54.0,51,43.0,49,47.0,51,34.0,48,44.0,47,3
N07698667,63.0,51,41.0,49,41.0,51,37.0,48,45.0,47,3
N07698667,72.0,51,62.0,49,58.0,51,57.0,48,62.0,47,4
N07698667,79.0,51,77.0,49,78.0,51,59.0,48,62.0,47,4
N07704552,73.0,51,45.0,49,57.0,51,36.0,48,30.0,47,4
N07707306,13.0,51,26.0,49,32.0,51,36.0,48,17.0,47,2
N07710780,73.0,51,53.0,49,58.0,51,48.0,48,44.0,47,4
N07710831,58.0,51,57.0,49,54.0,51,42.0,48,47.0,47,3
N08714503,67.0,51,52.0,49,56.0,51,37.0,48,46.0,47,3
N08714504,33.0,51,36.0,49,34.0,51,32.0,48,46.0,47,2
N08714509,40.0,51,50.0,49,66.0,51,36.0,48,35.0,47,3
N08714509,88.0,51,76.0,49,90.0,51,43.0,48,51.0,47,4
N08714509,91.0,51,80.0,49,89.0,51,44.0,48,46.0,47,5
N08714510,54.0,51,43.0,49,53.0,51,43.0,48,53.0,47,3
N08714510,61.0,51,59.0,49,65.0,51,51.0,48,66.0,47,3
N08714510,69.0,51,70.0,49,72.0,51,56.0,48,69.0,47,4
N08714510,77.0,51,72.0,49,77.0,51,52.0,48,64.0,47,4
N08714510,79.0,51,75.0,49,82.0,51,52.0,48,66.0,47,4
N08714531,83.0,51,68.0,49,90.0,51,25.0,48,44.0,47,4
N08714531,87.0,51,76.0,49,91.0,51,36.0,48,48.0,47,5
N08719131,29.0,51,27.0,49,19.0,51,30.0,48,34.0,47,2
N08719131,32.0,51,27.0,49,19.0,51,37.0,48,34.0,47,2
N08719131,42.0,51,45.0,49,38.0,51,24.0,48,44.0,47,2
N08719134,40.0,51,32.0,49,29.0,51,29.0,48,32.0,47,2
N08719134,54.0,51,47.0,49,50.0,51,24.0,48,44.0,47,3
N08723624,32.0,51,29.0,49,21.0,51,24.0,48,36.0,47,2
N08723624,52.0,51,41.0,49,43.0,51,25.0,48,55.0,47,3
N08723626,60.0,51,58.0,49,59.0,51,27.0,48,33.0,47,3
N08723626,67.0,51,59.0,49,67.0,51,24.0,48,44.0,47,3
N08723626,70.0,51,63.0,49,74.0,51,35.0,48,57.0,47,4
N08723628,56.0,51,50.0,49,46.0,51,70.0,48,58.0,47,3
N08726671,30.0,51,21.0,49,27.0,51,23.0,48,28.0,47,2
N08726671,16.0,51,29.0,49,45.0,51,37.0,48,23.0,47,2
N08726672,18.0,51,23.0,49,14.0,51,48.0,48,37.0,47,2
N08726676,50.0,51,40.0,49,44.0,51,35.0,48,46.0,47,3
N08726677,59.0,51,48.0,49,41.0,51,61.0,48,51.0,47,3
N08726677,70.0,51,59.0,49,65.0,51,40.0,48,56.0,47,3
N08726695,16.0,51,22.0,49,20.0,51,57.0,48,27.0,47,1
N08726695,18.0,51,18.0,49,18.0,51,57.0,48,39.0,47,2
N08729690,27.0,51,27.0,49,17.0,51,55.0,48,34.0,47,2
N08729691,31.0,51,29.0,49,22.0,51,29.0,48,33.0,47,2
N08729691,31.0,51,34.0,49,22.0,51,38.0,48,36.0,47,2
N08729691,31.0,51,36.0,49,22.0,51,54.0,48,40.0,47,2
N08733930,40.0,51,30.0,49,32.0,51,29.0,48,32.0,47,2
N08733933,11.0,51,22.0,49,22.0,51,21.0,48,24.0,47,1
N08733934,41.0,51,35.0,49,35.0,51,33.0,48,38.0,47,2
N08733938,23.0,51,24.0,49,15.0,51,54.0,48,43.0,47,2
N08733942,64.0,51,56.0,49,59.0,51,60.0,48,50.0,47,3
N08738273,74.0,51,57.0,49,57.0,51,63.0,48,45.0,47,4
N08738273,81.0,51,70.0,49,72.0,51,53.0,48,54.0,47,4
N08738274,20.0,51,28.0,49,30.0,51,66.0,48,46.0,47,2
N08738274,14.0,51,41.0,49,38.0,51,64.0,48,32.0,47,2
N08738274,17.0,51,39.0,49,43.0,51,59.0,48,32.0,47,2
N08738274,79.0,51,63.0,49,73.0,51,35.0,48,60.0,47,4
N08738274,83.0,51,76.0,49,81.0,51,60.0,48,63.0,47,4
N08738275,71.0,51,55.0,49,67.0,51,57.0,48,38.0,47,4
N08738275,71.0,51,55.0,49,67.0,51,57.0,48,39.0,47,4
N08738287,58.0,51,49.0,49,47.0,51,46.0,48,49.0,47,3
N08740980,62.0,51,51.0,49,65.0,51,58.0,48,54.0,47,3
N08740981,65.0,51,46.0,49,44.0,51,65.0,48,47.0,47,3
N08740981,76.0,51,66.0,49,63.0,51,52.0,48,45.0,47,4
N08740983,59.0,51,44.0,49,61.0,51,43.0,48,47.0,47,3
N08740983,73.0,51,63.0,49,73.0,51,23.0,48,53.0,47,4
N08740983,79.0,51,75.0,49,78.0,51,41.0,48,65.0,47,4
N08740985,50.0,51,43.0,49,49.0,51,35.0,48,52.0,47,3
N08740985,68.0,51,62.0,49,69.0,51,29.0,48,48.0,47,3
N08740986,38.0,51,40.0,49,33.0,51,65.0,48,55.0,47,3
N08740989,28.0,51,34.0,49,27.0,51,52.0,48,50.0,47,3
N08740991,12.0,51,35.0,49,25.0,51,55.0,48,24.0,47,2
N08740991,11.0,51,33.0,49,31.0,51,50.0,48,21.0,47,2
N08740992,11.0,51,32.0,49,21.0,51,50.0,48,16.0,47,2
N08740992,52.0,51,59.0,49,60.0,51,57.0,48,60.0,47,3
N08740992,67.0,51,65.0,49,67.0,51,43.0,48,57.0,47,3
N08748353,69.0,51,47.0,49,49.0,51,25.0,48,21.0,47,3
N08748354,24.0,51,31.0,49,26.0,51,60.0,48,46.0,47,2
N08748354,76.0,51,63.0,49,60.0,51,66.0,48,61.0,47,4
N08748354,86.0,51,71.0,49,71.0,51,50.0,48,57.0,47,4
N08748355,12.0,51,24.0,49,48.0,51,33.0,48,20.0,47,2
N08751553,72.0,51,55.0,49,61.0,51,22.0,48,42.0,47,4
N08751557,61.0,51,55.0,49,70.0,51,29.0,48,48.0,47,3
N08751562,32.0,51,30.0,49,20.0,51,61.0,48,31.0,47,2
N08751566,68.0,51,45.0,49,66.0,51,19.0,48,32.0,47,3
N08751568,25.0,51,39.0,49,36.0,51,64.0,48,51.0,47,3
N08751572,61.0,51,56.0,49,80.0,51,33.0,48,44.0,47,4
N08751572,65.0,51,58.0,49,81.0,51,35.0,48,37.0,47,4
N08751572,65.0,51,53.0,49,78.0,51,50.0,48,39.0,47,4
N08751572,59.0,51,57.0,49,82.0,51,34.0,48,42.0,47,4
N08751578,40.0,51,49.0,49,56.0,51,54.0,48,57.0,47,3
N08751578,31.0,51,47.0,49,57.0,51,28.0,48,32.0,47,3
N08754258,42.0,51,37.0,49,32.0,51,29.0,48,42.0,47,2
N08754260,41.0,51,28.0,49,23.0,51,54.0,48,27.0,47,2
N08754260,49.0,51,52.0,49,53.0,51,62.0,48,38.0,47,3
N08754264,66.0,51,70.0,49,73.0,51,59.0,48,61.0,47,4
N08754274,15.0,51,29.0,49,23.0,51,59.0,48,28.0,47,1
N08754274,23.0,51,30.0,49,34.0,51,40.0,48,54.0,47,3
N09757233,14.0,51,23.0,49,42.0,51,46.0,48,17.0,47,2
N09757234,62.0,51,56.0,49,55.0,51,68.0,48,58.0,47,3
N09757234,75.0,51,60.0,49,65.0,51,35.0,48,52.0,47,4
N09757243,37.0,51,31.0,49,23.0,51,46.0,48,39.0,47,2
N09768522,60.0,51,59.0,49,61.0,51,57.0,48,54.0,47,3
N09768525,24.0,51,27.0,49,45.0,51,35.0,48,41.0,47,2
N09768525,20.0,51,42.0,49,49.0,51,53.0,48,45.0,47,2
N09768525,84.0,51,76.0,49,86.0,51,59.0,48,68.0,47,4
N09768525,85.0,51,80.0,49,91.0,51,62.0,48,70.0,47,5
N09768525,86.0,51,82.0,49,92.0,51,58.0,48,70.0,47,5
N09768525,88.0,51,82.0,49,94.0,51,46.0,48,66.0,47,5
N09775202,60.0,51,53.0,49,51.0,51,65.0,48,48.0,47,3
N09775208,26.0,51,22.0,49,16.0,51,33.0,48,33.0,47,2
N09775210,54.0,51,52.0,49,45.0,51,43.0,48,48.0,47,3
N09775210,16.0,51,49.0,49,46.0,51,52.0,48,34.0,47,2
N09775219,63.0,51,46.0,49,59.0,51,35.0,48,33.0,47,3
N09775219,65.0,51,56.0,49,68.0,51,50.0,48,44.0,47,3
N09778686,33.0,51,34.0,49,22.0,51,40.0,48,31.0,47,2
N09778686,64.0,51,57.0,49,67.0,51,58.0,48,62.0,47,3
N09778686,72.0,51,66.0,49,74.0,51,45.0,48,64.0,47,4
N09778686,76.0,51,75.0,49,78.0,51,46.0,48,66.0,47,4
N09778691,36.0,51,35.0,49,33.0,51,58.0,48,45.0,47,2
N09778709,59.0,51,45.0,49,45.0,51,46.0,48,42.0,47,3
N09778709,17.0,51,35.0,49,41.0,51,53.0,48,25.0,47,2
N09778709,17.0,51,36.0,49,53.0,51,48.0,48,24.0,47,3
N09778709,85.0,51,82.0,49,85.0,51,65.0,48,67.0,47,4
N09778713,65.0,51,57.0,49,62.0,51,46.0,48,47.0,47,3
N09782103,35.0,51,20.0,49,16.0,51,32.0,48,30.0,47,2
N09782103,49.0,51,45.0,49,41.0,51,53.0,48,56.0,47,3
N09782106,53.0,51,49.0,49,45.0,51,49.0,48,31.0,47,3
N09782106,71.0,51,51.0,49,55.0,51,29.0,48,38.0,47,4
N09782112,26.0,51,19.0,49,14.0,51,39.0,48,29.0,47,1
N09782112,22.0,51,41.0,49,36.0,51,64.0,48,54.0,47,3
N09782112,21.0,51,55.0,49,48.0,51,42.0,48,48.0,47,3
N09782112,20.0,51,55.0,49,58.0,51,59.0,48,53.0,47,3
N09782112,83.0,51,76.0,49,79.0,51,52.0,48,69.0,47,4
N09782112,89.0,51,82.0,49,81.0,51,29.0,48,55.0,47,4
N09782112,90.0,51,85.0,49,86.0,51,41.0,48,64.0,47,4
N09790003,15.0,51,25.0,49,40.0,51,53.0,48,14.0,47,2
N09790004,61.0,51,46.0,49,53.0,51,37.0,48,42.0,47,3
N09790004,16.0,51,25.0,49,57.0,51,17.0,48,14.0,47,3
N09790004,78.0,51,63.0,49,80.0,51,35.0,48,64.0,47,4
N09790004,86.0,51,65.0,49,79.0,51,27.0,48,58.0,47,4
N09790004,28.0,51,27.0,49,75.0,51,27.0,48,12.0,47,4
N09790005,55.0,51,27.0,49,31.0,51,38.0,48,38.0,47,3
N09790006,55.0,51,52.0,49,54.0,51,37.0,48,52.0,47,3
N09793359,53.0,51,45.0,49,55.0,51,43.0,48,50.0,47,3
N09793359,72.0,51,58.0,49,62.0,51,35.0,48,44.0,47,4
N09793359,76.0,51,73.0,49,71.0,51,53.0,48,49.0,47,4
N09793364,40.0,51,39.0,49,39.0,51,57.0,48,55.0,47,3
N09793364,68.0,51,63.0,49,78.0,51,36.0,48,54.0,47,4
N09793364,38.0,51,59.0,49,64.0,51,63.0,48,63.0,47,3
N09793364,79.0,51,72.0,49,78.0,51,42.0,48,66.0,47,4
N09793366,20.0,51,34.0,49,47.0,51,34.0,48,31.0,47,2
N09793369,64.0,51,49.0,49,71.0,51,43.0,48,38.0,47,4
N09793373,14.0,51,41.0,49,36.0,51,57.0,48,44.0,47,2
N09793376,58.0,51,49.0,49,46.0,51,49.0,48,49.0,47,3
N09793380,17.0,51,27.0,49,37.0,51,18.0,48,32.0,47,2
N09793382,40.0,51,35.0,49,37.0,51,33.0,48,45.0,47,2
N10797571,57.0,51,57.0,49,55.0,51,21.0,48,33.0,47,3
N10797572,72.0,51,50.0,49,61.0,51,47.0,48,50.0,47,4
N10797572,80.0,51,65.0,49,71.0,51,49.0,48,52.0,47,4
N10797572,86.0,51,72.0,49,77.0,51,34.0,48,48.0,47,4
N10797573,56.0,51,42.0,49,39.0,51,43.0,48,44.0,47,3
N10797574,20.0,51,40.0,49,34.0,51,55.0,48,41.0,47,2
N10797577,72.0,51,73.0,49,75.0,51,60.0,48,46.0,47,4
N10797577,72.0,51,73.0,49,75.0,51,60.0,48,46.0,47,4
N10800343,47.0,51,38.0,49,42.0,51,30.0,48,47.0,47,2
N10800349,49.0,51,50.0,49,47.0,51,46.0,48,49.0,47,3
N10800349,56.0,51,65.0,49,66.0,51,47.0,48,55.0,47,3
N10804410,10.0,51,15.0,49,12.0,51,44.0,48,24.0,47,1
N10804410,12.0,51,23.0,49,18.0,51,54.0,48,30.0,47,2
N10804419,62.0,51,44.0,49,42.0,51,41.0,48,42.0,47,3
N10812418,11.0,51,19.0,49,26.0,51,28.0,48,27.0,47,1
N10812419,18.0,51,44.0,49,36.0,51,67.0,48,34.0,47,2
N10812420,70.0,51,57.0,49,71.0,51,45.0,48,52.0,47,4
N10812424,18.0,51,35.0,49,35.0,51,35.0,48,43.0,47,2
N10812424,20.0,51,49.0,49,38.0,51,41.0,48,51.0,47,3
N10812424,70.0,51,61.0,49,66.0,51,31.0,48,66.0,47,3
N10812428,19.0,51,41.0,49,46.0,51,56.0,48,42.0,47,2
N10812428,55.0,51,64.0,49,69.0,51,63.0,48,64.0,47,3
N10812429,63.0,51,55.0,49,55.0,51,43.0,48,52.0,47,3
N10812429,65.0,51,66.0,49,69.0,51,62.0,48,63.0,47,3
N10812429,77.0,51,75.0,49,77.0,51,42.0,48,59.0,47,4
N10812434,39.0,51,32.0,49,37.0,51,23.0,48,37.0,47,2
N10812435,78.0,51,67.0,49,71.0,51,54.0,48,44.0,47,4
N10812436,16.0,51,38.0,49,36.0,51,60.0,48,40.0,47,2
N10812437,64.0,51,49.0,49,43.0,51,59.0,48,47.0,47,3
N10812437,74.0,51,59.0,49,55.0,51,44.0,48,50.0,47,4
N10812439,15.0,51,33.0,49,28.0,51,58.0,48,25.0,47,2
N10812439,15.0,51,32.0,49,28.0,51,59.0,48,25.0,47,2
N10812440,75.0,51,47.0,49,52.0,51,48.0,48,22.0,47,4
N10812445,35.0,51,30.0,49,29.0,51,43.0,48,45.0,47,2
N10812446,21.0,51,31.0,49,34.0,51,54.0,48,37.0,47,2
N10812453,59.0,51,49.0,49,43.0,51,68.0,48,64.0,47,3
N10812453,25.0,51,39.0,49,36.0,51,63.0,48,61.0,47,3
N10812453,27.0,51,44.0,49,41.0,51,61.0,48,60.0,47,3
N10812453,28.0,51,43.0,49,47.0,51,63.0,48,57.0,47,3
N10812453,27.0,51,45.0,49,48.0,51,66.0,48,64.0,47,3
N10812453,24.0,51,45.0,49,51.0,51,59.0,48,63.0,47,3
N10812453,68.0,51,57.0,49,68.0,51,43.0,48,64.0,47,3
N10812456,46.0,51,45.0,49,50.0,51,32.0,48,47.0,47,3
N10812457,58.0,51,45.0,49,47.0,51,52.0,48,45.0,47,3
N10812457,15.0,51,25.0,49,46.0,51,41.0,48,23.0,47,2
N10812457,74.0,51,61.0,49,65.0,51,53.0,48,65.0,47,4
N10812457,83.0,51,72.0,49,81.0,51,60.0,48,61.0,47,4
N10812457,22.0,51,38.0,49,58.0,51,38.0,48,33.0,47,3
N10812457,21.0,51,45.0,49,65.0,51,39.0,48,29.0,47,3
N10812457,81.0,51,68.0,49,75.0,51,44.0,48,60.0,47,4
N10812457,83.0,51,77.0,49,82.0,51,40.0,48,61.0,47,4
N10812458,27.0,51,25.0,49,11.0,51,36.0,48,32.0,47,2
N10812460,52.0,51,47.0,49,43.0,51,46.0,48,46.0,47,3
N10812460,59.0,51,62.0,49,64.0,51,48.0,48,54.0,47,3
N10812462,19.0,51,20.0,49,14.0,51,30.0,48,31.0,47,2
N10812472,46.0,51,29.0,49,27.0,51,57.0,48,43.0,47,2
N10812474,43.0,51,42.0,49,35.0,51,59.0,48,46.0,47,2
N10812474,66.0,51,53.0,49,74.0,51,36.0,48,44.0,47,4
N10820113,12.0,51,15.0,49,21.0,51,36.0,48,19.0,47,1
N10820118,43.0,51,44.0,49,42.0,51,49.0,48,53.0,47,3
N10820118,19.0,51,46.0,49,40.0,51,37.0,48,52.0,47,3
N10820133,20.0,51,37.0,49,23.0,51,57.0,48,34.0,47,2
N10820134,26.0,51,43.0,49,53.0,51,58.0,48,42.0,47,3
N10820147,59.0,51,52.0,49,56.0,51,50.0,48,46.0,47,3
N10820147,70.0,51,68.0,49,69.0,51,64.0,48,67.0,47,3
N10820147,76.0,51,77.0,49,76.0,51,61.0,48,72.0,47,4
N10820147,33.0,51,54.0,49,51.0,51,61.0,48,63.0,47,3
N10820148,18.0,51,30.0,49,26.0,51,54.0,48,46.0,47,2
N10820148,70.0,51,56.0,49,58.0,51,45.0,48,51.0,47,3
N10820148,78.0,51,72.0,49,70.0,51,67.0,48,61.0,47,4
N10820148,81.0,51,78.0,49,76.0,51,64.0,48,66.0,47,4
N10820148,83.0,51,74.0,49,76.0,51,58.0,48,61.0,47,4
N10830230,18.0,51,30.0,49,27.0,51,55.0,48,39.0,47,2
N10830230,20.0,51,33.0,49,33.0,51,55.0,48,40.0,47,2
N10830292,56.0,51,36.0,49,38.0,51,36.0,48,39.0,47,3
N10830293,60.0,51,61.0,49,57.0,51,50.0,48,35.0,47,3
N10830300,20.0,51,44.0,49,51.0,51,39.0,48,37.0,47,3
N10830300,18.0,51,47.0,49,52.0,51,41.0,48,41.0,47,3
N11845928,16.0,51,40.0,49,31.0,51,57.0,48,41.0,47,2
N11845942,58.0,51,41.0,49,36.0,51,43.0,48,45.0,47,3
N11845942,67.0,51,55.0,49,54.0,51,54.0,48,55.0,47,3
N11845942,71.0,51,52.0,49,60.0,51,36.0,48,53.0,47,4
N11845943,53.0,51,45.0,49,48.0,51,47.0,48,49.0,47,3
N11845943,17.0,51,34.0,49,65.0,51,34.0,48,24.0,47,3
N11845943,75.0,51,69.0,49,81.0,51,50.0,48,65.0,47,4
N11845943,82.0,51,74.0,49,88.0,51,38.0,48,63.0,47,4
N11845947,41.0,51,51.0,49,34.0,51,64.0,48,57.0,47,3
N11845947,61.0,51,40.0,49,45.0,51,54.0,48,54.0,47,3
N11845947,22.0,51,36.0,49,33.0,51,59.0,48,54.0,47,3
N11845947,59.0,51,52.0,49,65.0,51,38.0,48,66.0,47,3
N11845947,65.0,51,54.0,49,65.0,51,44.0,48,67.0,47,3
N11845947,68.0,51,66.0,49,78.0,51,37.0,48,68.0,47,4
N11845947,81.0,51,70.0,49,81.0,51,55.0,48,58.0,47,4
N11845953,12.0,51,26.0,49,28.0,51,48.0,48,15.0,47,1
N11845953,43.0,51,44.0,49,42.0,51,56.0,48,57.0,47,3
N11845953,23.0,51,50.0,49,46.0,51,38.0,48,44.0,47,3
N11845953,82.0,51,68.0,49,72.0,51,63.0,48,71.0,47,4
N11845953,84.0,51,76.0,49,81.0,51,61.0,48,75.0,47,4
N11845953,86.0,51,80.0,49,84.0,51,60.0,48,73.0,47,4
N11845953,89.0,51,80.0,49,84.0,51,64.0,48,70.0,47,4
N11845953,91.0,51,80.0,49,88.0,51,58.0,48,71.0,47,5
N11845957,23.0,51,20.0,49,16.0,51,36.0,48,26.0,47,1
N11845958,42.0,51,20.0,49,17.0,51,39.0,48,24.0,47,2
N11845958,55.0,51,39.0,49,34.0,51,40.0,48,41.0,47,3
N11845960,20.0,51,33.0,49,27.0,51,50.0,48,35.0,47,2
N11845963,56.0,51,40.0,49,67.0,51,35.0,48,40.0,47,3
N11845982,33.0,51,36.0,49,22.0,51,63.0,48,41.0,47,2
N11845982,28.0,51,33.0,49,41.0,51,19.0,48,33.0,47,2
N11845982,76.0,51,78.0,49,76.0,51,58.0,48,64.0,47,4
N11845982,80.0,51,81.0,49,85.0,51,34.0,48,61.0,47,4
N11845982,82.0,51,84.0,49,87.0,51,44.0,48,64.0,47,4
N11862766,60.0,51,51.0,49,49.0,51,43.0,48,43.0,47,3
N11862766,28.0,51,51.0,49,43.0,51,45.0,48,39.0,47,3
N11862767,15.0,51,33.0,49,42.0,51,57.0,48,24.0,47,2
N11862767,16.0,51,40.0,49,46.0,51,57.0,48,28.0,47,2
N11862767,71.0,51,61.0,49,70.0,51,37.0,48,62.0,47,4
N11862767,76.0,51,70.0,49,76.0,51,64.0,48,64.0,47,4
N11862779,49.0,51,39.0,49,44.0,51,61.0,48,51.0,47,3
N11862779,76.0,51,56.0,49,63.0,51,55.0,48,44.0,47,4
N11862779,81.0,51,69.0,49,76.0,51,36.0,48,38.0,47,4
N11862780,30.0,51,25.0,49,32.0,51,28.0,48,42.0,47,2
N11862780,37.0,51,42.0,49,39.0,51,52.0,48,52.0,47,3
N11862780,48.0,51,58.0,49,54.0,51,61.0,48,59.0,47,3
N11862782,51.0,51,52.0,49,46.0,51,68.0,48,62.0,47,3
N11865834,31.0,51,30.0,49,34.0,51,57.0,48,23.0,47,2
N11865835,66.0,51,45.0,49,53.0,51,35.0,48,40.0,47,3
N11865852,65.0,51,48.0,49,43.0,51,37.0,48,27.0,47,3
N11869369,40.0,51,39.0,49,30.0,51,53.0,48,53.0,47,3
N11869370,22.0,51,29.0,49,35.0,51,45.0,48,31.0,47,2
N11869370,78.0,51,64.0,49,79.0,51,56.0,48,43.0,47,4
N11869370,68.0,51,63.0,49,73.0,51,64.0,48,64.0,47,4
N11869370,79.0,51,75.0,49,79.0,51,46.0,48,59.0,47,4
N11869370,79.0,51,75.0,49,79.0,51,60.0,48,63.0,47,4
N11869372,14.0,51,18.0,49,19.0,51,34.0,48,22.0,47,1
N11875952,41.0,51,27.0,49,21.0,51,61.0,48,31.0,47,2
N11875954,63.0,51,57.0,49,56.0,51,56.0,48,60.0,47,3
N11875954,71.0,51,69.0,49,70.0,51,57.0,48,62.0,47,4
N11875954,78.0,51,78.0,49,76.0,51,61.0,48,69.0,47,4
N11875954,29.0,51,62.0,49,61.0,51,60.0,48,68.0,47,3
N11875954,78.0,51,81.0,49,93.0,51,45.0,48,67.0,47,5
N11875956,27.0,51,20.0,49,12.0,51,45.0,48,31.0,47,2
N11879540,55.0,51,28.0,49,16.0,51,28.0,48,20.0,47,3
N11883700,58.0,51,39.0,49,37.0,51,46.0,48,40.0,47,3
N11883705,55.0,51,33.0,49,55.0,51,25.0,48,15.0,47,3
N11883706,41.0,51,28.0,49,28.0,51,46.0,48,32.0,47,2
N12886084,65.0,51,55.0,49,61.0,51,57.0,48,64.0,47,3
N12886084,78.0,51,65.0,49,73.0,51,58.0,48,60.0,47,4
N12886084,84.0,51,74.0,49,79.0,51,59.0,48,58.0,47,4
N12886084,86.0,51,76.0,49,83.0,51,59.0,48,63.0,47,4
N12886084,88.0,51,75.0,49,85.0,51,54.0,48,62.0,47,4
N12886084,74.0,51,62.0,49,76.0,51,53.0,48,72.0,47,4
N12886084,77.0,51,72.0,49,82.0,51,51.0,48,72.0,47,4
N12886084,82.0,51,79.0,49,86.0,51,56.0,48,70.0,47,4
N12886084,86.0,51,79.0,49,86.0,51,48.0,48,64.0,47,4
N12886085,26.0,51,37.0,49,34.0,51,31.0,48,36.0,47,2
N12886085,29.0,51,46.0,49,44.0,51,39.0,48,39.0,47,2
N12886085,31.0,51,53.0,49,45.0,51,45.0,48,36.0,47,3
N12886085,27.0,51,41.0,49,52.0,51,42.0,48,28.0,47,3
N12886088,28.0,51,23.0,49,19.0,51,43.0,48,36.0,47,2
N12888582,78.0,51,73.0,49,79.0,51,64.0,48,57.0,47,4
N12888582,80.0,51,75.0,49,81.0,51,65.0,48,70.0,47,4
N12888582,84.0,51,82.0,49,85.0,51,58.0,48,76.0,47,4
N12888582,86.0,51,85.0,49,91.0,51,60.0,48,74.0,47,5
N12888582,87.0,51,85.0,49,92.0,51,58.0,48,73.0,47,5
N12888582,90.0,51,85.0,49,93.0,51,37.0,48,69.0,47,5
N12888585,55.0,51,41.0,49,48.0,51,37.0,48,50.0,47,3
N12896361,76.0,51,40.0,49,48.0,51,55.0,48,18.0,47,4
N12896361,76.0,51,40.0,49,48.0,51,55.0,48,18.0,47,4
N12896363,18.0,51,20.0,49,25.0,51,35.0,48,41.0,47,2
N12896364,52.0,51,30.0,49,35.0,51,35.0,48,44.0,47,3
N12896364,59.0,51,47.0,49,54.0,51,40.0,48,52.0,47,3
N12896368,51.0,51,28.0,49,31.0,51,42.0,48,37.0,47,3
N12899812,48.0,51,48.0,49,45.0,51,62.0,48,56.0,47,3
N12899812,33.0,51,34.0,49,29.0,51,34.0,48,50.0,47,3
N12899812,35.0,51,43.0,49,42.0,51,41.0,48,56.0,47,3
N12899812,37.0,51,44.0,49,55.0,51,51.0,48,60.0,47,3
N12899812,35.0,51,40.0,49,54.0,51,42.0,48,56.0,47,3
N12902745,69.0,51,58.0,49,63.0,51,63.0,48,63.0,47,3
N12902745,73.0,51,66.0,49,74.0,51,63.0,48,63.0,47,4
N12902745,79.0,51,74.0,49,79.0,51,63.0,48,72.0,47,4
N12906046,59.0,51,51.0,49,58.0,51,53.0,48,60.0,47,3
N12906046,74.0,51,66.0,49,71.0,51,65.0,48,64.0,47,4
N12906046,80.0,51,75.0,49,78.0,51,57.0,48,60.0,47,4
N12906046,82.0,51,76.0,49,82.0,51,41.0,48,53.0,47,4
N12909522,12.0,51,26.0,49,27.0,51,45.0,48,18.0,47,1
N12909529,34.0,51,26.0,49,14.0,51,50.0,48,31.0,47,2
N12909529,59.0,51,50.0,49,50.0,51,49.0,48,57.0,47,3
N12909529,75.0,51,65.0,49,70.0,51,40.0,48,56.0,47,4
N12909537,51.0,51,44.0,49,51.0,51,49.0,48,53.0,47,3
N12909537,64.0,51,63.0,49,70.0,51,39.0,48,57.0,47,3
N12909537,73.0,51,70.0,49,76.0,51,34.0,48,60.0,47,4
N12909541,58.0,51,45.0,49,49.0,51,38.0,48,45.0,47,3
N12909541,69.0,51,63.0,49,65.0,51,55.0,48,51.0,47,3
N12909542,62.0,51,49.0,49,51.0,51,48.0,48,36.0,47,3
N12909542,26.0,51,49.0,49,48.0,51,43.0,48,44.0,47,2
N12909542,25.0,51,48.0,49,48.0,51,58.0,48,30.0,47,2
N12909542,80.0,51,70.0,49,83.0,51,63.0,48,71.0,47,4
N12909542,80.0,51,71.0,49,83.0,51,69.0,48,75.0,47,4
N12909542,81.0,51,76.0,49,88.0,51,60.0,48,75.0,47,4
N12909542,83.0,51,80.0,49,90.0,51,62.0,48,77.0,47,4
N12913632,45.0,51,27.0,49,24.0,51,34.0,48,37.0,47,2
N12913633,20.0,51,34.0,49,40.0,51,49.0,48,25.0,47,2
N12917770,44.0,51,42.0,49,35.0,51,42.0,48,41.0,47,2
N12917770,44.0,51,42.0,49,35.0,51,44.0,48,46.0,47,2
N12917774,59.0,51,51.0,49,51.0,51,57.0,48,64.0,47,3
N12917774,53.0,51,43.0,49,48.0,51,45.0,48,52.0,47,3
N12917775,9.0,51,19.0,49,34.0,51,28.0,48,15.0,47,2
N12917777,23.0,51,13.0,49,10.0,51,31.0,48,29.0,47,1
N12917782,55.0,51,49.0,49,56.0,51,65.0,48,52.0,47,3
N12921321,53.0,51,39.0,49,31.0,51,54.0,48,32.0,47,3
N12921325,60.0,51,40.0,49,37.0,51,20.0,48,30.0,47,3
N12921328,59.0,51,38.0,49,47.0,51,39.0,48,42.0,47,3
N12921329,33.0,51,31.0,49,38.0,51,36.0,48,47.0,47,2
N12921329,45.0,51,54.0,49,46.0,51,45.0,48,57.0,47,3
N12921333,45.0,51,54.0,49,62.0,51,41.0,48,52.0,47,3
N12921333,63.0,51,57.0,49,69.0,51,19.0,48,33.0,47,3
N12921334,74.0,51,78.0,49,88.0,51,52.0,48,34.0,47,4
N12921335,62.0,51,46.0,49,44.0,51,36.0,48,32.0,47,3
N12921335,73.0,51,52.0,49,61.0,51,43.0,48,56.0,47,4
N12921335,80.0,51,73.0,49,76.0,51,51.0,48,65.0,47,4
N12921335,82.0,51,78.0,49,78.0,51,51.0,48,67.0,47,4
N12921335,84.0,51,81.0,49,85.0,51,51.0,48,73.0,47,4
N12921337,36.0,51,31.0,49,26.0,51,41.0,48,43.0,47,2
N12921337,12.0,51,40.0,49,66.0,51,59.0,48,18.0,47,3
N12921337,84.0,51,77.0,49,91.0,51,54.0,48,74.0,47,5
N12921337,86.0,51,81.0,49,93.0,51,56.0,48,80.0,47,5
N12921337,87.0,51,85.0,49,94.0,51,53.0,48,80.0,47,5
N12921337,88.0,51,86.0,49,95.0,51,51.0,48,81.0,47,5
N12921577,61.0,51,53.0,49,48.0,51,59.0,48,57.0,47,3
N12921577,70.0,51,66.0,49,63.0,51,57.0,48,59.0,47,3
N12921577,29.0,51,59.0,49,45.0,51,60.0,48,53.0,47,3
N12921577,77.0,51,69.0,49,66.0,51,55.0,48,69.0,47,4
N12921577,79.0,51,77.0,49,77.0,51,56.0,48,71.0,47,4
N12921577,82.0,51,80.0,49,82.0,51,59.0,48,72.0,47,4
N12921577,83.0,51,78.0,49,83.0,51,62.0,48,66.0,47,4
N12921577,34.0,51,62.0,49,61.0,51,59.0,48,62.0,47,3
N12921577,81.0,51,71.0,49,73.0,51,62.0,48,46.0,47,4
N12921577,84.0,51,77.0,49,86.0,51,58.0,48,50.0,47,4
N13925837,66.0,51,66.0,49,66.0,51,25.0,48,37.0,47,3
N13925837,66.0,51,66.0,49,75.0,51,38.0,48,58.0,47,4
N13925838,35.0,51,34.0,49,34.0,51,33.0,48,45.0,47,2
N13925838,70.0,51,70.0,49,76.0,51,41.0,48,60.0,47,4
N13925838,75.0,51,77.0,49,82.0,51,55.0,48,69.0,47,4
N13925838,75.0,51,77.0,49,82.0,51,49.0,48,68.0,47,4
N13925838,77.0,51,81.0,49,87.0,51,42.0,48,69.0,47,4
N13925838,79.0,51,82.0,49,89.0,51,28.0,48,66.0,47,4
N13925848,39.0,51,20.0,49,36.0,51,28.0,48,20.0,47,2
N13925849,70.0,51,72.0,49,78.0,51,40.0,48,46.0,47,4
N13925849,71.0,51,57.0,49,59.0,51,59.0,48,62.0,47,4
N13925849,22.0,51,42.0,49,52.0,51,46.0,48,26.0,47,3
N13925849,22.0,51,50.0,49,59.0,51,56.0,48,36.0,47,3
N13925853,58.0,51,46.0,49,48.0,51,58.0,48,60.0,47,3
N13925853,67.0,51,63.0,49,65.0,51,66.0,48,69.0,47,3
N13925853,75.0,51,73.0,49,74.0,51,60.0,48,66.0,47,4
N13925853,83.0,51,75.0,49,79.0,51,56.0,48,62.0,47,4
N13925853,83.0,51,75.0,49,81.0,51,57.0,48,60.0,47,4
N13925853,83.0,51,75.0,49,81.0,51,58.0,48,53.0,47,4
N13930983,38.0,51,38.0,49,44.0,51,62.0,48,46.0,47,2
N13930983,71.0,51,53.0,49,54.0,51,47.0,48,51.0,47,4
N13930983,76.0,51,71.0,49,70.0,51,59.0,48,74.0,47,4
N13930986,24.0,51,21.0,49,14.0,51,27.0,48,23.0,47,1
N13930994,56.0,51,51.0,49,48.0,51,51.0,48,55.0,47,3
N13930999,40.0,51,38.0,49,42.0,51,61.0,48,47.0,47,2
N13930999,40.0,51,38.0,49,42.0,51,61.0,48,48.0,47,2
N13930999,59.0,51,56.0,49,62.0,51,55.0,48,59.0,47,3
N13935091,52.0,51,42.0,49,41.0,51,25.0,48,43.0,47,3
N13947604,38.0,51,37.0,49,30.0,51,63.0,48,51.0,47,3
N13947608,31.0,51,35.0,49,31.0,51,59.0,48,52.0,47,3
N13947611,42.0,51,35.0,49,31.0,51,62.0,48,53.0,47,3
N13947611,22.0,51,32.0,49,32.0,51,58.0,48,42.0,47,2
N13947615,19.0,51,21.0,49,21.0,51,60.0,48,43.0,47,2
N13947615,73.0,51,73.0,49,69.0,51,50.0,48,52.0,47,4
N13959978,36.0,51,25.0,49,17.0,51,30.0,48,29.0,47,2
N13959981,24.0,51,22.0,49,13.0,51,30.0,48,28.0,47,1
N13959983,18.0,51,27.0,49,37.0,51,62.0,48,53.0,47,3
N13959983,22.0,51,38.0,49,43.0,51,53.0,48,49.0,47,2
N13959983,76.0,51,66.0,49,72.0,51,39.0,48,64.0,47,4
N13959985,46.0,51,44.0,49,35.0,51,51.0,48,47.0,47,2
N14000057,44.0,51,43.0,49,46.0,51,44.0,48,44.0,47,2
N14000057,68.0,51,57.0,49,59.0,51,61.0,48,59.0,47,3
N14000059,51.0,51,29.0,49,28.0,51,52.0,48,39.0,47,3
N14000060,52.0,51,45.0,49,46.0,51,48.0,48,49.0,47,3
N14000062,18.0,51,32.0,49,28.0,51,58.0,48,62.0,47,3
N14000062,20.0,51,39.0,49,34.0,51,58.0,48,57.0,47,3
N14000062,72.0,51,69.0,49,78.0,51,53.0,48,71.0,47,4
N14000062,74.0,51,75.0,49,84.0,51,61.0,48,77.0,47,4
N14000062,74.0,51,75.0,49,84.0,51,61.0,48,75.0,47,4
N14000062,79.0,51,78.0,49,86.0,51,54.0,48,69.0,47,4
N14000071,19.0,51,22.0,49,21.0,51,34.0,48,28.0,47,1
N14005670,45.0,51,33.0,49,33.0,51,64.0,48,57.0,47,3
N14005670,55.0,51,49.0,49,51.0,51,60.0,48,55.0,47,3
N14005670,62.0,51,62.0,49,62.0,51,58.0,48,60.0,47,3
N14009421,56.0,51,39.0,49,36.0,51,55.0,48,34.0,47,3
N14009426,62.0,51,49.0,49,50.0,51,61.0,48,49.0,47,3
N14009426,59.0,51,49.0,49,56.0,51,32.0,48,59.0,47,3
N14009426,72.0,51,62.0,49,71.0,51,47.0,48,60.0,47,4
N14964554,18.0,51,25.0,49,25.0,51,60.0,48,39.0,47,2
N14964554,64.0,51,66.0,49,68.0,51,55.0,48,53.0,47,3
N14964554,75.0,51,73.0,49,76.0,51,51.0,48,44.0,47,4
N14964563,66.0,51,43.0,49,45.0,51,43.0,48,30.0,47,3
N14968393,63.0,51,66.0,49,68.0,51,61.0,48,50.0,47,3
N14968394,56.0,51,52.0,49,52.0,51,52.0,48,63.0,47,3
N14972328,54.0,51,41.0,49,42.0,51,49.0,48,40.0,47,3
N14972331,58.0,51,47.0,49,44.0,51,59.0,48,49.0,47,3
N14972332,42.0,51,42.0,49,43.0,51,43.0,48,51.0,47,3
N14972332,45.0,51,44.0,49,43.0,51,59.0,48,59.0,47,3
N14972332,51.0,51,61.0,49,59.0,51,48.0,48,64.0,47,3
N14972335,55.0,51,45.0,49,38.0,51,64.0,48,57.0,47,3
N14972335,63.0,51,58.0,49,54.0,51,60.0,48,59.0,47,3
N14972338,11.0,51,19.0,49,21.0,51,52.0,48,5.0,47,1
N14972338,52.0,51,49.0,49,48.0,51,55.0,48,62.0,47,3
N14972338,63.0,51,63.0,49,64.0,51,60.0,48,66.0,47,3
N14972338,74.0,51,70.0,49,73.0,51,58.0,48,71.0,47,4
N14972338,76.0,51,75.0,49,80.0,51,59.0,48,68.0,47,4
N14972338,21.0,51,49.0,49,59.0,51,37.0,48,45.0,47,3
N14972338,84.0,51,82.0,49,80.0,51,52.0,48,71.0,47,4
N14972343,23.0,51,37.0,49,35.0,51,51.0,48,57.0,47,3
N14972343,66.0,51,61.0,49,62.0,51,62.0,48,69.0,47,3
N14972343,66.0,51,61.0,49,62.0,51,62.0,48,70.0,47,3
N14972343,76.0,51,71.0,49,72.0,51,57.0,48,70.0,47,4
N14972343,83.0,51,74.0,49,78.0,51,29.0,48,65.0,47,4
N14972343,85.0,51,77.0,49,82.0,51,39.0,48,60.0,47,4
N14972344,64.0,51,64.0,49,56.0,51,33.0,48,50.0,47,3
N14972344,65.0,51,69.0,49,70.0,51,39.0,48,58.0,47,3
N14975454,59.0,51,48.0,49,50.0,51,54.0,48,50.0,47,3
N14975464,16.0,51,21.0,49,21.0,51,56.0,48,30.0,47,2
N14975464,28.0,51,30.0,49,32.0,51,45.0,48,51.0,47,3
N14975464,25.0,51,36.0,49,42.0,51,58.0,48,49.0,47,2
N14975464,63.0,51,61.0,49,67.0,51,58.0,48,68.0,47,3
N14975468,41.0,51,40.0,49,39.0,51,45.0,48,47.0,47,2
N14975468,53.0,51,59.0,49,57.0,51,65.0,48,69.0,47,3
N14975468,23.0,51,44.0,49,39.0,51,54.0,48,51.0,47,3
N14975468,22.0,51,39.0,49,48.0,51,59.0,48,54.0,47,3
N14975468,18.0,51,44.0,49,54.0,51,45.0,48,40.0,47,3
N14975468,14.0,51,32.0,49,57.0,51,34.0,48,7.0,47,3
N14978515,45.0,51,34.0,49,18.0,51,25.0,48,32.0,47,2
N15003461,66.0,51,64.0,49,67.0,51,46.0,48,52.0,47,3
N15003461,70.0,51,69.0,49,75.0,51,48.0,48,63.0,47,4
N15003471,14.0,51,20.0,49,21.0,51,57.0,48,26.0,47,1
N15003472,13.0,51,17.0,49,25.0,51,36.0,48,6.0,47,1
N15003472,47.0,51,38.0,49,43.0,51,52.0,48,57.0,47,3
N15003472,21.0,51,35.0,49,40.0,51,55.0,48,30.0,47,2
N15003473,49.0,51,44.0,49,49.0,51,47.0,48,56.0,47,3
N15003474,52.0,51,43.0,49,47.0,51,36.0,48,47.0,47,3
N15003474,19.0,51,48.0,49,46.0,51,31.0,48,51.0,47,3
N15003474,18.0,51,56.0,49,50.0,51,42.0,48,51.0,47,3
N15003474,16.0,51,50.0,49,55.0,51,60.0,48,53.0,47,3
N15017163,48.0,51,43.0,49,38.0,51,55.0,48,60.0,47,3
N15017163,53.0,51,43.0,49,38.0,51,55.0,48,63.0,47,3
N15017170,58.0,51,50.0,49,42.0,51,56.0,48,54.0,47,3
N15017170,71.0,51,59.0,49,68.0,51,26.0,48,33.0,47,4
N15017175,20.0,51,32.0,49,33.0,51,31.0,48,45.0,47,2
N15029587,12.0,51,18.0,49,18.0,51,58.0,48,24.0,47,1
N15029587,10.0,51,20.0,49,37.0,51,22.0,48,6.0,47,2
N15029957,59.0,51,59.0,49,57.0,51,28.0,48,25.0,47,3
N15029957,66.0,51,66.0,49,65.0,51,29.0,48,34.0,47,3
N15029957,71.0,51,72.0,49,72.0,51,32.0,48,34.0,47,4
N15029957,62.0,51,62.0,49,67.0,51,49.0,48,72.0,47,4
N15029957,69.0,51,72.0,49,75.0,51,54.0,48,71.0,47,4
N15029957,21.0,51,40.0,49,57.0,51,36.0,48,60.0,47,3
N15029957,16.0,51,36.0,49,63.0,51,38.0,48,38.0,47,3
N15033977,46.0,51,42.0,49,35.0,51,62.0,48,56.0,47,3
N15033977,16.0,51,31.0,49,30.0,51,50.0,48,23.0,47,2
N15033978,26.0,51,14.0,49,10.0,51,30.0,48,27.0,47,1
N15039337,42.0,51,38.0,49,33.0,51,44.0,48,53.0,47,3
N15039338,44.0,51,45.0,49,40.0,51,62.0,48,63.0,47,3
N15039338,57.0,51,60.0,49,54.0,51,56.0,48,66.0,47,3
N15039338,62.0,51,65.0,49,59.0,51,61.0,48,68.0,47,3
N15039338,66.0,51,68.0,49,66.0,51,62.0,48,69.0,47,3
N16000928,9.0,51,17.0,49,25.0,51,32.0,48,7.0,47,1
N16000937,44.0,51,41.0,49,33.0,51,62.0,48,54.0,47,3
N16000937,56.0,51,41.0,49,46.0,51,57.0,48,64.0,47,3
N16000945,31.0,51,21.0,49,16.0,51,62.0,48,45.0,47,2
N16007370,39.0,51,32.0,49,36.0,51,46.0,48,54.0,47,3
N16007370,45.0,51,51.0,49,55.0,51,49.0,48,62.0,47,3
N16007370,64.0,51,63.0,49,65.0,51,54.0,48,63.0,47,3
N16007378,15.0,51,32.0,49,31.0,51,52.0,48,22.0,47,2
N16014867,31.0,51,26.0,49,23.0,51,52.0,48,47.0,47,2
N16014867,17.0,51,42.0,49,40.0,51,51.0,48,27.0,47,2
N16023186,12.0,51,13.0,49,10.0,51,60.0,48,23.0,47,1
N16023186,61.0,51,63.0,49,60.0,51,50.0,48,54.0,47,3
N16023186,15.0,51,26.0,49,25.0,51,24.0,48,22.0,47,1
N16023193,61.0,51,61.0,49,63.0,51,33.0,48,50.0,47,3
N16023199,18.0,51,28.0,49,34.0,51,22.0,48,28.0,47,2
N16023207,13.0,51,25.0,49,18.0,51,62.0,48,36.0,47,2
N17003225,12.0,51,14.0,49,9.0,51,51.0,48,26.0,47,1
N17003225,15.0,51,18.0,49,14.0,51,49.0,48,31.0,47,2
N17003225,15.0,51,20.0,49,19.0,51,48.0,48,36.0,47,2
N17003234,24.0,51,29.0,49,19.0,51,62.0,48,38.0,47,2
N17003235,60.0,51,56.0,49,58.0,51,49.0,48,34.0,47,3
N17003235,60.0,51,59.0,49,58.0,51,47.0,48,37.0,47,3
N17003236,28.0,51,23.0,49,23.0,51,61.0,48,43.0,47,2
N17003237,31.0,51,20.0,49,16.0,51,39.0,48,41.0,47,2
N17003243,50.0,51,44.0,49,35.0,51,45.0,48,53.0,47,3
N17003244,60.0,51,59.0,49,58.0,51,49.0,48,43.0,47,3
N17003259,19.0,51,37.0,49,33.0,51,59.0,48,41.0,47,2
N17003262,61.0,51,66.0,49,61.0,51,42.0,48,54.0,47,3
N17003262,62.0,51,69.0,49,72.0,51,44.0,48,60.0,47,4
N17003263,67.0,51,45.0,49,52.0,51,31.0,48,40.0,47,3
N17003263,69.0,51,60.0,49,69.0,51,37.0,48,49.0,47,3
N17003263,23.0,51,44.0,49,49.0,51,51.0,48,58.0,47,3
N17003263,23.0,51,46.0,49,60.0,51,53.0,48,61.0,47,3
N17003264,42.0,51,26.0,49,20.0,51,20.0,48,23.0,47,2
N17018045,45.0,51,23.0,49,17.0,51,44.0,48,36.0,47,2
N17018049,61.0,51,41.0,49,39.0,51,44.0,48,35.0,47,3
N17018055,9.0,51,13.0,49,22.0,51,30.0,48,5.0,47,1
N17018055,15.0,51,28.0,49,27.0,51,57.0,48,26.0,47,1
N17018058,27.0,51,24.0,49,13.0,51,38.0,48,40.0,47,2
N17018058,58.0,51,44.0,49,43.0,51,49.0,48,47.0,47,3
N17018061,57.0,51,35.0,49,31.0,51,41.0,48,25.0,47,3
N17018070,34.0,51,25.0,49,24.0,51,54.0,48,49.0,47,2
N17018070,42.0,51,48.0,49,47.0,51,54.0,48,61.0,47,3
N17035986,24.0,51,19.0,49,13.0,51,50.0,48,36.0,47,2
N17035986,16.0,51,32.0,49,36.0,51,39.0,48,38.0,47,2
N17035992,17.0,51,25.0,49,25.0,51,59.0,48,45.0,47,2
N17035995,25.0,51,29.0,49,18.0,51,38.0,48,40.0,47,2
N17035995,38.0,51,45.0,49,34.0,51,34.0,48,47.0,47,2
N17035997,23.0,51,17.0,49,10.0,51,61.0,48,29.0,47,1
N17035998,24.0,51,23.0,49,13.0,51,35.0,48,44.0,47,2
N17036000,57.0,51,61.0,49,53.0,51,28.0,48,33.0,47,3
N17036000,66.0,51,63.0,49,65.0,51,43.0,48,45.0,47,3
N17036002,27.0,51,33.0,49,18.0,51,36.0,48,41.0,47,2
N17036020,16.0,51,22.0,49,23.0,51,37.0,48,33.0,47,2
N17036021,21.0,51,15.0,49,10.0,51,56.0,48,32.0,47,2
N18001996,13.0,51,21.0,49,24.0,51,53.0,48,36.0,47,2
N18001996,12.0,51,30.0,49,33.0,51,51.0,48,34.0,47,2
N18001996,10.0,51,30.0,49,33.0,51,61.0,48,30.0,47,2
N18002018,10.0,51,66.0,49,31.0,51,24.0,48,6.0,47,3
N18002058,32.0,51,21.0,49,24.0,51,32.0,48,39.0,47,2
N18002066,34.0,51,27.0,49,27.0,51,43.0,48,41.0,47,2
N18002066,20.0,51,38.0,49,38.0,51,39.0,48,48.0,47,2
N18002066,20.0,51,30.0,49,38.0,51,39.0,48,56.0,47,3
N18002066,19.0,51,31.0,49,45.0,51,33.0,48,60.0,47,3
N18008159,52.0,51,36.0,49,30.0,51,53.0,48,46.0,47,3
N18008162,35.0,51,36.0,49,27.0,51,39.0,48,47.0,47,2
N18008162,58.0,51,38.0,49,45.0,51,43.0,48,52.0,47,3
N18022042,19.0,51,15.0,49,10.0,51,59.0,48,37.0,47,2
N18022044,38.0,51,29.0,49,23.0,51,32.0,48,34.0,47,2
N18022051,23.0,51,14.0,49,10.0,51,36.0,48,31.0,47,2
N18022051,41.0,51,27.0,49,20.0,51,32.0,48,37.0,47,2
N18022070,21.0,51,12.0,49,10.0,51,30.0,48,26.0,47,1
N18022076,51.0,51,20.0,49,13.0,51,40.0,48,17.0,47,3
N19024721,15.0,51,18.0,49,22.0,51,35.0,48,32.0,47,2
N19024766,12.0,51,17.0,49,13.0,51,45.0,48,27.0,47,1
N19024766,14.0,51,23.0,49,18.0,51,61.0,48,31.0,47,2
N19024772,22.0,51,19.0,49,11.0,51,47.0,48,28.0,47,1
N19024772,34.0,51,37.0,49,23.0,51,54.0,48,38.0,47,2
N19024772,35.0,51,37.0,49,23.0,51,49.0,48,43.0,47,2
N19024772,42.0,51,44.0,49,36.0,51,54.0,48,55.0,47,3
N19024772,47.0,51,59.0,49,55.0,51,54.0,48,60.0,47,3
N19024778,23.0,51,23.0,49,14.0,51,52.0,48,40.0,47,2
N19024786,18.0,51,18.0,49,19.0,51,32.0,48,25.0,47,1
N19024786,18.0,51,36.0,49,34.0,51,39.0,48,26.0,47,2
N20019051,43.0,51,28.0,49,21.0,51,58.0,48,40.0,47,2
N20019057,26.0,51,17.0,49,12.0,51,31.0,48,28.0,47,1
N20019059,36.0,51,39.0,49,22.0,51,59.0,48,43.0,47,2
N20019078,20.0,51,63.0,49,27.0,51,28.0,48,7.0,47,3
N20019142,39.0,51,27.0,49,23.0,51,28.0,48,25.0,47,2
N20019146,61.0,51,53.0,49,55.0,51,27.0,48,28.0,47,3
N20019147,32.0,51,24.0,49,16.0,51,34.0,48,29.0,47,2
N20019152,42.0,51,31.0,49,20.0,51,45.0,48,31.0,47,2
N98314315,24.0,51,56.0,49,61.0,51,53.0,48,45.0,47,3
N98314315,24.0,51,63.0,49,66.0,51,65.0,48,53.0,47,3
N98314315,22.0,51,60.0,49,68.0,51,58.0,48,48.0,47,3
