CowID,Lact,Cow Sold,Herd Sold,Cow Shortloss,Herd Shortloss,Cow Longloss,Herd Longloss,Cow Failure,Herd Failure,Cow Recurred,Herd Recurred,Cow Quality
H01546407,2,51.0,56,34.0,55,50.0,60,24.0,49,52.0,53,3
H01546407,3,63.0,56,64.0,55,75.0,60,51.0,49,67.0,53,4
H01546407,3,73.0,56,59.0,55,69.0,60,42.0,49,35.0,53,4
H01546407,4,82.0,56,73.0,55,77.0,60,30.0,49,65.0,53,4
H01546407,4,82.0,56,79.0,55,79.0,60,38.0,49,69.0,53,4
H01546407,4,84.0,56,81.0,55,75.0,60,51.0,49,58.0,53,4
H01546407,4,36.0,56,68.0,55,68.0,60,35.0,49,62.0,53,3
H01546418,3,39.0,56,46.0,55,42.0,60,56.0,49,61.0,53,3
H01546418,3,21.0,56,48.0,55,41.0,60,34.0,49,31.0,53,2
H01546423,2,24.0,56,37.0,55,43.0,60,53.0,49,58.0,53,3
H01546424,4,60.0,56,51.0,55,44.0,60,48.0,49,59.0,53,3
H01546428,1,19.0,56,15.0,55,10.0,60,38.0,49,38.0,53,2
H01546436,3,20.0,56,41.0,55,48.0,60,50.0,49,48.0,53,2
H01546436,4,70.0,56,59.0,55,69.0,60,56.0,49,62.0,53,3
H01546436,4,70.0,56,61.0,55,71.0,60,59.0,49,63.0,53,4
H01546436,4,77.0,56,72.0,55,77.0,60,58.0,49,69.0,53,4
H01546436,5,86.0,56,79.0,55,84.0,60,52.0,49,68.0,53,4
H01546436,5,90.0,56,82.0,55,87.0,60,30.0,49,65.0,53,4
H01546446,1,58.0,56,31.0,55,29.0,60,59.0,49,39.0,53,3
H01546446,1,64.0,56,53.0,55,62.0,60,54.0,49,54.0,53,3
H01546447,4,52.0,56,41.0,55,42.0,60,31.0,49,51.0,53,3
H01546450,3,11.0,56,41.0,55,54.0,60,55.0,49,30.0,53,3
H01546451,2,40.0,56,50.0,55,53.0,60,54.0,49,65.0,53,3
H01546451,2,14.0,56,43.0,55,50.0,60,50.0,49,28.0,53,3
H01546452,1,63.0,56,45.0,55,45.0,60,36.0,49,38.0,53,3
H01546453,1,28.0,56,22.0,55,14.0,60,37.0,49,36.0,53,2
H01546453,1,43.0,56,51.0,55,42.0,60,51.0,49,55.0,53,3
H01546456,3,45.0,56,51.0,55,59.0,60,55.0,49,61.0,53,3
H01546456,4,58.0,56,61.0,55,69.0,60,53.0,49,67.0,53,3
H01546456,4,80.0,56,71.0,55,84.0,60,50.0,49,49.0,53,4
H01546456,4,82.0,56,74.0,55,85.0,60,56.0,49,41.0,53,4
H01546456,4,82.0,56,80.0,55,87.0,60,41.0,49,45.0,53,4
H01552774,1,46.0,56,37.0,55,30.0,60,48.0,49,48.0,53,2
H01552774,1,54.0,56,49.0,55,50.0,60,51.0,49,51.0,53,3
H01552799,1,38.0,56,43.0,55,31.0,60,58.0,49,50.0,53,3
N01465596,8,83.0,56,62.0,55,88.0,60,67.0,49,48.0,53,4
N01465596,9,42.0,56,44.0,55,62.0,60,60.0,49,19.0,53,3
N02479044,7,72.0,56,56.0,55,70.0,60,30.0,49,46.0,53,4
N02487495,7,85.0,56,72.0,55,87.0,60,52.0,49,38.0,53,4
N02498769,7,80.0,56,53.0,55,77.0,60,55.0,49,24.0,53,4
N03523881,7,69.0,56,54.0,55,62.0,60,51.0,49,49.0,53,3
N03523881,7,80.0,56,63.0,55,66.0,60,49.0,49,36.0,53,4
N03529273,6,74.0,56,62.0,55,78.0,60,31.0,49,58.0,53,4
N03529273,6,74.0,56,65.0,55,78.0,60,40.0,49,60.0,53,4
N03529273,6,77.0,56,73.0,55,79.0,60,51.0,49,67.0,53,4
N03529273,6,85.0,56,80.0,55,84.0,60,66.0,49,66.0,53,4
N03532572,6,84.0,56,71.0,55,88.0,60,42.0,49,42.0,53,4
N03536942,7,75.0,56,64.0,55,75.0,60,38.0,49,50.0,53,4
N03536942,7,80.0,56,70.0,55,77.0,60,28.0,49,47.0,53,4
N03539779,7,68.0,56,46.0,55,64.0,60,19.0,49,42.0,53,3
N03539779,7,68.0,56,47.0,55,64.0,60,33.0,49,46.0,53,3
N04558656,8,89.0,56,43.0,55,85.0,60,68.0,49,38.0,53,4
N04565588,6,69.0,56,59.0,55,66.0,60,59.0,49,56.0,53,3
N04565591,6,67.0,56,51.0,55,45.0,60,63.0,49,45.0,53,3
N04565593,6,79.0,56,60.0,55,67.0,60,43.0,49,41.0,53,4
N04565593,6,87.0,56,66.0,55,76.0,60,34.0,49,20.0,53,4
N04565600,6,60.0,56,47.0,55,43.0,60,55.0,49,51.0,53,3
N04565609,5,70.0,56,56.0,55,68.0,60,61.0,49,53.0,53,3
N04565613,6,69.0,56,47.0,55,62.0,60,46.0,49,46.0,53,3
N04565613,7,28.0,56,46.0,55,53.0,60,55.0,49,44.0,53,3
N04565613,7,27.0,56,55.0,55,58.0,60,61.0,49,45.0,53,3
N04570436,8,79.0,56,37.0,55,66.0,60,49.0,49,54.0,53,4
N04570436,8,85.0,56,47.0,55,72.0,60,48.0,49,51.0,53,4
N04570447,5,75.0,56,54.0,55,68.0,60,24.0,49,35.0,53,4
N04574156,7,76.0,56,60.0,55,72.0,60,65.0,49,54.0,53,4
N04574156,8,79.0,56,71.0,55,80.0,60,63.0,49,58.0,53,4
N04574156,8,84.0,56,75.0,55,83.0,60,59.0,49,53.0,53,4
N04574156,8,88.0,56,79.0,55,84.0,60,56.0,49,60.0,53,4
N04577672,5,75.0,56,72.0,55,79.0,60,57.0,49,40.0,53,4
N04577672,5,76.0,56,71.0,55,72.0,60,37.0,49,41.0,53,4
N04577682,6,67.0,56,52.0,55,52.0,60,49.0,49,53.0,53,3
N04577682,6,77.0,56,71.0,55,72.0,60,60.0,49,60.0,53,4
N04577682,6,89.0,56,79.0,55,78.0,60,41.0,49,22.0,53,4
N04577684,11,83.0,56,76.0,55,90.0,60,65.0,49,56.0,53,4
N04581246,7,70.0,56,53.0,55,61.0,60,52.0,49,65.0,53,3
N04581246,7,82.0,56,69.0,55,70.0,60,58.0,49,53.0,53,4
N04581248,7,74.0,56,58.0,55,68.0,60,35.0,49,48.0,53,4
N04581248,7,31.0,56,52.0,55,56.0,60,37.0,49,37.0,53,3
N04581248,7,31.0,56,58.0,55,60.0,60,67.0,49,36.0,53,3
N04581251,5,77.0,56,47.0,55,53.0,60,47.0,49,26.0,53,4
N04581252,7,68.0,56,47.0,55,50.0,60,52.0,49,41.0,53,3
N04581253,6,26.0,56,39.0,55,45.0,60,59.0,49,34.0,53,2
N04581253,7,81.0,56,68.0,55,81.0,60,63.0,49,63.0,53,4
N04581253,8,85.0,56,70.0,55,85.0,60,54.0,49,64.0,53,4
N04581253,8,87.0,56,76.0,55,90.0,60,59.0,49,66.0,53,4
N04581253,8,88.0,56,83.0,55,94.0,60,66.0,49,65.0,53,5
N04581253,8,91.0,56,83.0,55,95.0,60,32.0,49,61.0,53,5
N04581253,8,92.0,56,84.0,55,95.0,60,54.0,49,66.0,53,5
N04581253,8,92.0,56,85.0,55,96.0,60,51.0,49,58.0,53,5
N04581253,8,94.0,56,80.0,55,96.0,60,49.0,49,64.0,53,5
N04581257,6,32.0,56,41.0,55,56.0,60,39.0,49,29.0,53,3
N04581261,5,68.0,56,57.0,55,58.0,60,60.0,49,61.0,53,3
N04581261,5,68.0,56,57.0,55,58.0,60,59.0,49,61.0,53,3
N04591642,5,56.0,56,51.0,55,49.0,60,60.0,49,60.0,53,3
N04591642,6,26.0,56,53.0,55,51.0,60,59.0,49,58.0,53,3
N04591642,6,24.0,56,64.0,55,59.0,60,60.0,49,52.0,53,3
N04591642,6,26.0,56,64.0,55,59.0,60,68.0,49,45.0,53,3
N04591648,5,69.0,56,48.0,55,67.0,60,48.0,49,49.0,53,3
N04591648,6,76.0,56,64.0,55,63.0,60,53.0,49,51.0,53,4
N05604298,7,72.0,56,58.0,55,66.0,60,47.0,49,51.0,53,4
N05604298,7,80.0,56,70.0,55,73.0,60,60.0,49,54.0,53,4
N05604298,7,86.0,56,79.0,55,78.0,60,65.0,49,61.0,53,4
N05604300,5,72.0,56,58.0,55,55.0,60,37.0,49,41.0,53,4
N05604301,6,65.0,56,50.0,55,63.0,60,52.0,49,59.0,53,3
N05604301,7,78.0,56,63.0,55,71.0,60,51.0,49,49.0,53,4
N05604302,5,65.0,56,46.0,55,49.0,60,47.0,49,32.0,53,3
N05608060,8,71.0,56,59.0,55,69.0,60,66.0,49,47.0,53,4
N05608061,5,72.0,56,64.0,55,79.0,60,47.0,49,58.0,53,4
N05608061,6,85.0,56,73.0,55,90.0,60,70.0,49,65.0,53,4
N05608071,7,70.0,56,55.0,55,68.0,60,68.0,49,40.0,53,3
N05608071,8,70.0,56,63.0,55,66.0,60,56.0,49,61.0,53,3
N05608071,8,82.0,56,75.0,55,75.0,60,59.0,49,65.0,53,4
N05608071,8,84.0,56,78.0,55,80.0,60,51.0,49,68.0,53,4
N05610560,5,64.0,56,49.0,55,57.0,60,39.0,49,49.0,53,3
N05610560,5,76.0,56,63.0,55,67.0,60,56.0,49,59.0,53,4
N05613724,6,72.0,56,53.0,55,76.0,60,40.0,49,49.0,53,4
N05613724,7,79.0,56,68.0,55,85.0,60,59.0,49,61.0,53,4
N05615425,4,72.0,56,60.0,55,73.0,60,25.0,49,40.0,53,4
N06645998,5,61.0,56,45.0,55,48.0,60,52.0,49,52.0,53,3
N06645998,6,38.0,56,50.0,55,64.0,60,62.0,49,53.0,53,3
N06645998,7,91.0,56,77.0,55,91.0,60,62.0,49,55.0,53,5
N06652086,4,86.0,56,62.0,55,82.0,60,46.0,49,43.0,53,4
N06652087,4,65.0,56,55.0,55,71.0,60,46.0,49,42.0,53,4
N06652090,4,29.0,56,42.0,55,56.0,60,56.0,49,36.0,53,3
N06652090,4,27.0,56,50.0,55,62.0,60,52.0,49,38.0,53,3
N06652090,4,24.0,56,37.0,55,68.0,60,58.0,49,27.0,53,3
N06652090,6,84.0,56,74.0,55,83.0,60,45.0,49,66.0,53,4
N06652091,5,17.0,56,32.0,55,37.0,60,53.0,49,38.0,53,2
N06652091,7,78.0,56,63.0,55,73.0,60,64.0,49,64.0,53,4
N06652091,7,84.0,56,78.0,55,87.0,60,63.0,49,60.0,53,4
N06652092,6,68.0,56,60.0,55,66.0,60,59.0,49,65.0,53,3
N06652092,6,74.0,56,72.0,55,75.0,60,54.0,49,70.0,53,4
N06652092,6,81.0,56,80.0,55,80.0,60,49.0,49,76.0,53,4
N06652092,6,35.0,56,57.0,55,62.0,60,64.0,49,75.0,53,4
N06652092,6,29.0,56,66.0,55,66.0,60,56.0,49,64.0,53,3
N06652092,8,84.0,56,73.0,55,83.0,60,60.0,49,68.0,53,4
N06652093,5,64.0,56,50.0,55,62.0,60,53.0,49,55.0,53,3
N06652098,4,55.0,56,47.0,55,37.0,60,57.0,49,53.0,53,3
N06652098,4,66.0,56,64.0,55,56.0,60,61.0,49,51.0,53,3
N06652101,4,50.0,56,52.0,55,47.0,60,57.0,49,61.0,53,3
N06652101,4,57.0,56,66.0,55,64.0,60,63.0,49,65.0,53,3
N06652101,4,76.0,56,74.0,55,73.0,60,59.0,49,54.0,53,4
N06652101,4,25.0,56,60.0,55,64.0,60,32.0,49,56.0,53,3
N06652101,4,19.0,56,45.0,55,61.0,60,46.0,49,42.0,53,3
N06652101,5,83.0,56,71.0,55,84.0,60,33.0,49,62.0,53,4
N06652102,9,80.0,56,61.0,55,79.0,60,57.0,49,36.0,53,4
N06652105,4,25.0,56,35.0,55,57.0,60,34.0,49,23.0,53,3
N06652105,4,25.0,56,38.0,55,57.0,60,39.0,49,24.0,53,3
N06652106,7,35.0,56,53.0,55,64.0,60,55.0,49,55.0,53,3
N06652106,7,38.0,56,55.0,55,63.0,60,63.0,49,37.0,53,3
N06655501,4,49.0,56,51.0,55,64.0,60,34.0,49,54.0,53,3
N06655501,4,63.0,56,62.0,55,67.0,60,54.0,49,60.0,53,3
N06655501,4,23.0,56,61.0,55,58.0,60,52.0,49,69.0,53,3
N06655501,4,23.0,56,55.0,55,61.0,60,50.0,49,59.0,53,3
N06655501,4,15.0,56,42.0,55,66.0,60,41.0,49,51.0,53,3
N06655505,4,74.0,56,60.0,55,60.0,60,60.0,49,53.0,53,4
N06658440,4,24.0,56,28.0,55,29.0,60,45.0,49,50.0,53,3
N06658440,5,16.0,56,29.0,55,39.0,60,43.0,49,18.0,53,2
N06658449,4,54.0,56,45.0,55,40.0,60,62.0,49,35.0,53,3
N06658449,6,76.0,56,61.0,55,66.0,60,54.0,49,63.0,53,4
N06658449,6,82.0,56,74.0,55,69.0,60,40.0,49,67.0,53,4
N06658449,6,84.0,56,79.0,55,76.0,60,55.0,49,69.0,53,4
N06658449,6,85.0,56,82.0,55,85.0,60,59.0,49,61.0,53,4
N06658449,6,86.0,56,82.0,55,86.0,60,51.0,49,67.0,53,4
N06658453,5,19.0,56,33.0,55,53.0,60,44.0,49,25.0,53,3
N06658453,5,21.0,56,42.0,55,57.0,60,54.0,49,31.0,53,3
N06663022,3,61.0,56,53.0,55,49.0,60,62.0,49,34.0,53,3
N07680653,4,58.0,56,46.0,55,50.0,60,30.0,49,48.0,53,3
N07684304,4,15.0,56,31.0,55,34.0,60,64.0,49,34.0,53,2
N07684306,4,65.0,56,63.0,55,60.0,60,38.0,49,47.0,53,3
N07684306,4,70.0,56,73.0,55,72.0,60,55.0,49,54.0,53,4
N07684306,4,76.0,56,80.0,55,78.0,60,56.0,49,59.0,53,4
N07684308,5,68.0,56,61.0,55,79.0,60,58.0,49,59.0,53,4
N07684308,5,70.0,56,71.0,55,82.0,60,60.0,49,68.0,53,4
N07687957,7,72.0,56,58.0,55,66.0,60,38.0,49,51.0,53,4
N07687963,4,28.0,56,36.0,55,59.0,60,31.0,49,39.0,53,3
N07687963,4,28.0,56,36.0,55,59.0,60,37.0,49,39.0,53,3
N07687964,4,60.0,56,48.0,55,49.0,60,64.0,49,51.0,53,3
N07687966,4,13.0,56,33.0,55,51.0,60,51.0,49,29.0,53,3
N07687966,6,65.0,56,68.0,55,83.0,60,59.0,49,71.0,53,4
N07687966,6,26.0,56,67.0,55,75.0,60,59.0,49,69.0,53,4
N07687966,7,85.0,56,76.0,55,87.0,60,54.0,49,63.0,53,4
N07687966,7,89.0,56,82.0,55,90.0,60,43.0,49,62.0,53,4
N07687966,7,90.0,56,85.0,55,92.0,60,47.0,49,63.0,53,5
N07687968,4,85.0,56,55.0,55,82.0,60,26.0,49,51.0,53,4
N07687968,4,89.0,56,47.0,55,86.0,60,42.0,49,53.0,53,4
N07687968,4,90.0,56,55.0,55,90.0,60,50.0,49,33.0,53,4
N07687970,4,15.0,56,23.0,55,30.0,60,56.0,49,35.0,53,2
N07687970,8,67.0,56,51.0,55,44.0,60,49.0,49,53.0,53,3
N07687971,3,46.0,56,37.0,55,37.0,60,29.0,49,47.0,53,2
N07687971,3,51.0,56,43.0,55,37.0,60,44.0,49,51.0,53,3
N07687971,3,59.0,56,55.0,55,56.0,60,54.0,49,60.0,53,3
N07687971,3,59.0,56,60.0,55,58.0,60,54.0,49,61.0,53,3
N07687971,4,79.0,56,61.0,55,74.0,60,53.0,49,67.0,53,4
N07687973,4,53.0,56,48.0,55,63.0,60,55.0,49,63.0,53,3
N07687973,5,63.0,56,63.0,55,70.0,60,59.0,49,71.0,53,4
N07687973,5,29.0,56,59.0,55,57.0,60,50.0,49,74.0,53,4
N07687973,5,20.0,56,43.0,55,66.0,60,48.0,49,35.0,53,3
N07687976,6,15.0,56,35.0,55,32.0,60,62.0,49,38.0,53,2
N07687976,8,79.0,56,66.0,55,83.0,60,58.0,49,35.0,53,4
N07687976,8,84.0,56,79.0,55,81.0,60,57.0,49,49.0,53,4
N07687977,5,84.0,56,66.0,55,88.0,60,50.0,49,56.0,53,4
N07687977,5,89.0,56,75.0,55,91.0,60,51.0,49,58.0,53,5
N07687977,5,89.0,56,75.0,55,91.0,60,57.0,49,56.0,53,5
N07687977,5,92.0,56,83.0,55,93.0,60,47.0,49,58.0,53,5
N07687980,6,82.0,56,70.0,55,90.0,60,53.0,49,66.0,53,4
N07687981,6,66.0,56,56.0,55,61.0,60,59.0,49,61.0,53,3
N07687981,6,74.0,56,69.0,55,76.0,60,60.0,49,63.0,53,4
N07687981,6,74.0,56,69.0,55,76.0,60,53.0,49,59.0,53,4
N07687982,6,70.0,56,56.0,55,68.0,60,57.0,49,45.0,53,3
N07687985,3,19.0,56,44.0,55,48.0,60,56.0,49,50.0,53,3
N07687985,3,19.0,56,53.0,55,55.0,60,55.0,49,52.0,53,3
N07687985,3,19.0,56,61.0,55,61.0,60,56.0,49,47.0,53,3
N07687985,4,77.0,56,71.0,55,84.0,60,45.0,49,65.0,53,4
N07687985,4,77.0,56,72.0,55,89.0,60,44.0,49,73.0,53,4
N07687985,4,30.0,56,59.0,55,74.0,60,33.0,49,59.0,53,4
N07687987,4,18.0,56,38.0,55,63.0,60,47.0,49,23.0,53,3
N07687987,5,65.0,56,61.0,55,77.0,60,64.0,49,68.0,53,4
N07687987,5,80.0,56,68.0,55,82.0,60,60.0,49,63.0,53,4
N07687987,5,82.0,56,75.0,55,85.0,60,50.0,49,68.0,53,4
N07687987,5,83.0,56,78.0,55,88.0,60,64.0,49,58.0,53,4
N07687987,5,85.0,56,79.0,55,89.0,60,46.0,49,62.0,53,4
N07687987,6,89.0,56,84.0,55,90.0,60,34.0,49,66.0,53,4
N07687987,6,89.0,56,86.0,55,92.0,60,44.0,49,63.0,53,5
N07687987,6,89.0,56,86.0,55,92.0,60,63.0,49,63.0,53,5
N07690573,5,64.0,56,59.0,55,64.0,60,60.0,49,63.0,53,3
N07690574,4,19.0,56,22.0,55,22.0,60,50.0,49,52.0,53,3
N07690574,6,66.0,56,63.0,55,61.0,60,53.0,49,65.0,53,3
N07690574,6,17.0,56,49.0,55,55.0,60,62.0,49,19.0,53,3
N07690574,7,77.0,56,68.0,55,73.0,60,63.0,49,72.0,53,4
N07690574,7,84.0,56,76.0,55,80.0,60,37.0,49,58.0,53,4
N07690574,7,86.0,56,81.0,55,82.0,60,51.0,49,63.0,53,4
N07690574,7,86.0,56,81.0,55,83.0,60,60.0,49,55.0,53,4
N07693687,5,62.0,56,55.0,55,69.0,60,55.0,49,63.0,53,3
N07693687,6,67.0,56,62.0,55,70.0,60,66.0,49,69.0,53,3
N07693687,6,74.0,56,74.0,55,77.0,60,52.0,49,77.0,53,4
N07693687,6,82.0,56,79.0,55,82.0,60,54.0,49,74.0,53,4
N07693687,6,84.0,56,81.0,55,85.0,60,48.0,49,69.0,53,4
N07693689,4,57.0,56,50.0,55,57.0,60,48.0,49,58.0,53,3
N07693692,4,68.0,56,56.0,55,64.0,60,36.0,49,45.0,53,3
N07693694,4,23.0,56,32.0,55,28.0,60,45.0,49,24.0,53,2
N07693696,3,13.0,56,19.0,55,24.0,60,41.0,49,19.0,53,1
N07693696,3,12.0,56,20.0,55,24.0,60,45.0,49,17.0,53,1
N07693696,3,14.0,56,26.0,55,28.0,60,47.0,49,21.0,53,1
N07693696,6,77.0,56,70.0,55,76.0,60,61.0,49,69.0,53,4
N07693697,3,15.0,56,29.0,55,48.0,60,57.0,49,25.0,53,2
N07693697,4,69.0,56,63.0,55,75.0,60,31.0,49,60.0,53,4
N07693697,4,76.0,56,66.0,55,78.0,60,55.0,49,73.0,53,4
N07693697,4,76.0,56,66.0,55,78.0,60,51.0,49,68.0,53,4
N07693697,5,80.0,56,69.0,55,84.0,60,64.0,49,72.0,53,4
N07693697,5,85.0,56,79.0,55,88.0,60,56.0,49,71.0,53,4
N07693697,5,39.0,56,66.0,55,79.0,60,46.0,49,70.0,53,4
N07693698,4,30.0,56,29.0,55,36.0,60,58.0,49,56.0,53,3
N07693698,6,75.0,56,65.0,55,72.0,60,57.0,49,67.0,53,4
N07693699,4,62.0,56,55.0,55,43.0,60,53.0,49,58.0,53,3
N07693700,6,74.0,56,71.0,55,75.0,60,58.0,49,61.0,53,4
N07693702,4,65.0,56,58.0,55,72.0,60,41.0,49,44.0,53,4
N07700337,3,22.0,56,30.0,55,36.0,60,57.0,49,42.0,53,2
N07700338,4,25.0,56,34.0,55,49.0,60,41.0,49,32.0,53,2
N07700338,5,69.0,56,62.0,55,73.0,60,59.0,49,60.0,53,4
N07700338,5,75.0,56,74.0,55,80.0,60,55.0,49,73.0,53,4
N07700338,5,78.0,56,80.0,55,84.0,60,56.0,49,76.0,53,4
N07700338,5,84.0,56,79.0,55,87.0,60,59.0,49,73.0,53,4
N07700340,4,28.0,56,42.0,55,50.0,60,64.0,49,57.0,53,3
N07700340,6,76.0,56,70.0,55,82.0,60,65.0,49,64.0,53,4
N07700340,7,48.0,56,68.0,55,76.0,60,57.0,49,39.0,53,4
N07700340,9,88.0,56,63.0,55,87.0,60,57.0,49,34.0,53,4
N07700342,4,25.0,56,40.0,55,52.0,60,34.0,49,42.0,53,3
N07700342,5,69.0,56,65.0,55,72.0,60,57.0,49,62.0,53,4
N07700342,5,76.0,56,73.0,55,77.0,60,48.0,49,71.0,53,4
N07700342,5,76.0,56,73.0,55,77.0,60,52.0,49,71.0,53,4
N07700342,6,85.0,56,79.0,55,87.0,60,62.0,49,70.0,53,4
N07700342,6,86.0,56,85.0,55,90.0,60,51.0,49,68.0,53,4
N07700342,6,32.0,56,64.0,55,78.0,60,44.0,49,47.0,53,4
N07700342,7,91.0,56,87.0,55,90.0,60,51.0,49,61.0,53,5
N07700342,7,92.0,56,88.0,55,91.0,60,51.0,49,54.0,53,5
N07700344,3,56.0,56,47.0,55,66.0,60,28.0,49,55.0,53,3
N07700344,3,72.0,56,68.0,55,78.0,60,54.0,49,67.0,53,4
N07700344,3,77.0,56,77.0,55,82.0,60,56.0,49,69.0,53,4
N07700344,3,80.0,56,72.0,55,87.0,60,41.0,49,58.0,53,4
N07700346,5,68.0,56,56.0,55,60.0,60,58.0,49,63.0,53,3
N07700347,4,55.0,56,53.0,55,42.0,60,57.0,49,53.0,53,3
N07700347,4,66.0,56,61.0,55,62.0,60,54.0,49,53.0,53,3
N07700347,4,74.0,56,68.0,55,70.0,60,41.0,49,54.0,53,4
N07700347,4,78.0,56,75.0,55,79.0,60,27.0,49,26.0,53,4
N07700347,5,78.0,56,70.0,55,85.0,60,58.0,49,72.0,53,4
N07700347,5,82.0,56,79.0,55,89.0,60,46.0,49,76.0,53,4
N07700348,4,56.0,56,48.0,55,61.0,60,52.0,49,60.0,53,3
N07700348,4,73.0,56,64.0,55,77.0,60,32.0,49,54.0,53,4
N07700348,5,81.0,56,70.0,55,82.0,60,57.0,49,69.0,53,4
N07700348,5,81.0,56,70.0,55,82.0,60,57.0,49,69.0,53,4
N07700348,5,83.0,56,76.0,55,86.0,60,52.0,49,72.0,53,4
N07700348,5,89.0,56,81.0,55,88.0,60,59.0,49,66.0,53,4
N07700348,5,90.0,56,82.0,55,91.0,60,43.0,49,63.0,53,5
N07700349,4,49.0,56,43.0,55,57.0,60,50.0,49,50.0,53,3
N07700349,6,68.0,56,64.0,55,71.0,60,49.0,49,71.0,53,4
N07703004,3,43.0,56,47.0,55,49.0,60,47.0,49,58.0,53,3
N07703004,3,51.0,56,67.0,55,68.0,60,50.0,49,63.0,53,3
N07703004,3,66.0,56,76.0,55,79.0,60,53.0,49,67.0,53,4
N07703004,5,84.0,56,82.0,55,91.0,60,60.0,49,70.0,53,5
N07703004,5,84.0,56,78.0,55,91.0,60,60.0,49,67.0,53,5
N07703011,3,63.0,56,53.0,55,52.0,60,44.0,49,47.0,53,3
N07703011,4,69.0,56,63.0,55,74.0,60,35.0,49,58.0,53,4
N07703011,5,82.0,56,66.0,55,76.0,60,50.0,49,67.0,53,4
N07703011,6,86.0,56,75.0,55,86.0,60,55.0,49,67.0,53,4
N07703011,6,87.0,56,79.0,55,88.0,60,47.0,49,68.0,53,4
N07703011,6,87.0,56,79.0,55,88.0,60,54.0,49,66.0,53,4
N07705624,5,74.0,56,60.0,55,76.0,60,48.0,49,42.0,53,4
N08726986,7,72.0,56,54.0,55,72.0,60,33.0,49,39.0,53,4
N08726988,3,11.0,56,29.0,55,34.0,60,51.0,49,11.0,53,2
N08726991,4,14.0,56,22.0,55,41.0,60,52.0,49,19.0,53,2
N08726991,5,77.0,56,67.0,55,76.0,60,65.0,49,68.0,53,4
N08726991,5,82.0,56,76.0,55,82.0,60,43.0,49,60.0,53,4
N08726992,5,56.0,56,53.0,55,49.0,60,56.0,49,60.0,53,3
N08726992,5,71.0,56,68.0,55,60.0,60,56.0,49,67.0,53,4
N08726992,5,80.0,56,77.0,55,69.0,60,53.0,49,72.0,53,4
N08726992,5,83.0,56,76.0,55,74.0,60,52.0,49,74.0,53,4
N08726992,5,84.0,56,78.0,55,76.0,60,54.0,49,70.0,53,4
N08726993,7,70.0,56,54.0,55,63.0,60,55.0,49,43.0,53,3
N08726993,7,70.0,56,55.0,55,67.0,60,59.0,49,52.0,53,3
N08726993,7,79.0,56,66.0,55,73.0,60,54.0,49,55.0,53,4
N08726993,7,84.0,56,76.0,55,74.0,60,54.0,49,57.0,53,4
N08726995,3,57.0,56,54.0,55,55.0,60,59.0,49,57.0,53,3
N08726996,6,59.0,56,64.0,55,44.0,60,66.0,49,58.0,53,3
N08726997,4,54.0,56,53.0,55,49.0,60,44.0,49,51.0,53,3
N08726998,2,19.0,56,31.0,55,28.0,60,53.0,49,37.0,53,2
N08726998,4,22.0,56,40.0,55,37.0,60,63.0,49,28.0,53,2
N08727003,5,14.0,56,31.0,55,36.0,60,60.0,49,40.0,53,2
N08727004,2,13.0,56,27.0,55,26.0,60,53.0,49,31.0,53,2
N08727004,3,61.0,56,43.0,55,49.0,60,29.0,49,49.0,53,3
N08727004,3,68.0,56,60.0,55,61.0,60,49.0,49,55.0,53,3
N08727004,4,75.0,56,58.0,55,57.0,60,49.0,49,59.0,53,4
N08727005,4,50.0,56,53.0,55,55.0,60,51.0,49,66.0,53,3
N08727005,4,57.0,56,63.0,55,68.0,60,45.0,49,70.0,53,3
N08727006,5,78.0,56,70.0,55,78.0,60,64.0,49,67.0,53,4
N08727006,5,81.0,56,73.0,55,84.0,60,60.0,49,63.0,53,4
N08727006,5,85.0,56,80.0,55,87.0,60,56.0,49,74.0,53,4
N08727008,2,37.0,56,45.0,55,36.0,60,49.0,49,58.0,53,3
N08727012,2,50.0,56,40.0,55,37.0,60,25.0,49,48.0,53,3
N08727013,6,66.0,56,59.0,55,60.0,60,61.0,49,65.0,53,3
N08727013,6,73.0,56,72.0,55,72.0,60,62.0,49,66.0,53,4
N08727016,3,45.0,56,49.0,55,41.0,60,58.0,49,52.0,53,3
N08727016,3,47.0,56,49.0,55,41.0,60,58.0,49,51.0,53,3
N08727016,3,60.0,56,62.0,55,60.0,60,48.0,49,55.0,53,3
N08727016,4,79.0,56,67.0,55,71.0,60,53.0,49,46.0,53,4
N08730608,2,15.0,56,30.0,55,51.0,60,39.0,49,26.0,53,3
N08730609,4,19.0,56,43.0,55,53.0,60,47.0,49,44.0,53,3
N08730609,5,75.0,56,69.0,55,77.0,60,65.0,49,71.0,53,4
N08730612,5,57.0,56,54.0,55,60.0,60,57.0,49,62.0,53,3
N08730613,3,10.0,56,21.0,55,24.0,60,50.0,49,32.0,53,2
N08730613,3,11.0,56,22.0,55,31.0,60,58.0,49,29.0,53,2
N08730613,5,81.0,56,65.0,55,78.0,60,55.0,49,64.0,53,4
N08730613,5,81.0,56,62.0,55,74.0,60,60.0,49,66.0,53,4
N08730613,5,84.0,56,74.0,55,85.0,60,46.0,49,68.0,53,4
N08730613,5,87.0,56,80.0,55,92.0,60,42.0,49,53.0,53,5
N08730613,5,89.0,56,82.0,55,93.0,60,47.0,49,24.0,53,5
N08730614,6,65.0,56,55.0,55,65.0,60,56.0,49,56.0,53,3
N08730615,9,83.0,56,73.0,55,87.0,60,30.0,49,54.0,53,4
N08730615,9,85.0,56,78.0,55,86.0,60,31.0,49,56.0,53,4
N08730623,5,67.0,56,53.0,55,52.0,60,60.0,49,51.0,53,3
N08730624,6,61.0,56,52.0,55,60.0,60,63.0,49,62.0,53,3
N08730633,3,14.0,56,34.0,55,45.0,60,54.0,49,35.0,53,2
N08730633,4,62.0,56,56.0,55,66.0,60,44.0,49,57.0,53,3
N08730633,5,72.0,56,66.0,55,75.0,60,61.0,49,74.0,53,4
N08730633,5,81.0,56,76.0,55,80.0,60,66.0,49,72.0,53,4
N08730633,5,83.0,56,80.0,55,85.0,60,59.0,49,69.0,53,4
N08730633,5,85.0,56,82.0,55,87.0,60,52.0,49,70.0,53,4
N08730633,5,85.0,56,82.0,55,87.0,60,57.0,49,67.0,53,4
N08730633,5,85.0,56,79.0,55,89.0,60,50.0,49,67.0,53,4
N08730633,5,85.0,56,79.0,55,90.0,60,46.0,49,67.0,53,4
N08730635,7,64.0,56,50.0,55,44.0,60,36.0,49,46.0,53,3
N08730635,7,76.0,56,66.0,55,67.0,60,56.0,49,52.0,53,4
N08730636,5,59.0,56,50.0,55,56.0,60,55.0,49,65.0,53,3
N08730636,5,73.0,56,69.0,55,73.0,60,63.0,49,66.0,53,4
N08730636,5,81.0,56,78.0,55,79.0,60,62.0,49,56.0,53,4
N08730637,4,68.0,56,59.0,55,56.0,60,52.0,49,62.0,53,3
N08730640,3,61.0,56,48.0,55,44.0,60,52.0,49,55.0,53,3
N08730640,5,69.0,56,62.0,55,62.0,60,62.0,49,62.0,53,3
N08730640,5,75.0,56,74.0,55,72.0,60,62.0,49,72.0,53,4
N08730641,4,66.0,56,58.0,55,57.0,60,61.0,49,59.0,53,3
N08730642,4,21.0,56,29.0,55,30.0,60,45.0,49,51.0,53,3
N08730643,4,64.0,56,63.0,55,56.0,60,68.0,49,63.0,53,3
N08730645,2,13.0,56,22.0,55,24.0,60,43.0,49,17.0,53,1
N08730645,4,16.0,56,30.0,55,50.0,60,63.0,49,8.0,53,3
N08730645,5,66.0,56,68.0,55,80.0,60,59.0,49,61.0,53,4
N08730646,3,55.0,56,54.0,55,51.0,60,53.0,49,63.0,53,3
N08730646,4,73.0,56,65.0,55,70.0,60,59.0,49,64.0,53,4
N08730646,4,80.0,56,72.0,55,75.0,60,52.0,49,65.0,53,4
N08730647,6,70.0,56,59.0,55,82.0,60,62.0,49,60.0,53,4
N08730647,6,37.0,56,55.0,55,72.0,60,55.0,49,62.0,53,4
N08730649,4,49.0,56,51.0,55,56.0,60,58.0,49,63.0,53,3
N08730649,4,61.0,56,66.0,55,74.0,60,56.0,49,70.0,53,4
N08730649,4,77.0,56,72.0,55,76.0,60,46.0,49,65.0,53,4
N08730649,5,78.0,56,67.0,55,76.0,60,56.0,49,69.0,53,4
N08730649,5,81.0,56,77.0,55,84.0,60,49.0,49,65.0,53,4
N08730650,4,19.0,56,40.0,55,61.0,60,59.0,49,26.0,53,3
N08730650,4,19.0,56,36.0,55,62.0,60,57.0,49,31.0,53,3
N08730650,5,83.0,56,67.0,55,83.0,60,52.0,49,67.0,53,4
N08730650,5,88.0,56,73.0,55,87.0,60,60.0,49,54.0,53,4
N08730652,3,57.0,56,45.0,55,53.0,60,26.0,49,34.0,53,3
N08730652,3,68.0,56,61.0,55,69.0,60,42.0,49,31.0,53,3
N08730654,5,64.0,56,53.0,55,57.0,60,47.0,49,60.0,53,3
N08730654,6,77.0,56,65.0,55,68.0,60,61.0,49,63.0,53,4
N08730654,6,84.0,56,74.0,55,77.0,60,53.0,49,62.0,53,4
N08730654,6,86.0,56,80.0,55,82.0,60,53.0,49,61.0,53,4
N08730654,6,86.0,56,80.0,55,82.0,60,58.0,49,59.0,53,4
N08730655,3,53.0,56,47.0,55,58.0,60,48.0,49,51.0,53,3
N08730655,3,63.0,56,58.0,55,70.0,60,48.0,49,55.0,53,3
N08730655,5,84.0,56,79.0,55,92.0,60,48.0,49,69.0,53,5
N08730656,4,22.0,56,42.0,55,51.0,60,56.0,49,53.0,53,3
N08730656,5,73.0,56,61.0,55,69.0,60,59.0,49,58.0,53,4
N08730656,5,73.0,56,61.0,55,69.0,60,64.0,49,59.0,53,4
N08730656,5,80.0,56,72.0,55,79.0,60,47.0,49,67.0,53,4
N08735165,5,58.0,56,54.0,55,42.0,60,57.0,49,62.0,53,3
N08735166,4,22.0,56,37.0,55,52.0,60,47.0,49,45.0,53,3
N08735166,5,66.0,56,59.0,55,68.0,60,54.0,49,68.0,53,3
N08735166,5,80.0,56,72.0,55,79.0,60,63.0,49,60.0,53,4
N08735166,6,81.0,56,71.0,55,76.0,60,60.0,49,57.0,53,4
N08735168,4,67.0,56,52.0,55,60.0,60,44.0,49,47.0,53,3
N08735169,5,67.0,56,55.0,55,60.0,60,61.0,49,59.0,53,3
N08735169,6,84.0,56,60.0,55,65.0,60,49.0,49,34.0,53,4
N08735172,4,29.0,56,40.0,55,51.0,60,53.0,49,65.0,53,3
N08735172,4,26.0,56,50.0,55,58.0,60,57.0,49,39.0,53,3
N08735172,5,80.0,56,73.0,55,79.0,60,54.0,49,73.0,53,4
N08735172,5,87.0,56,78.0,55,83.0,60,54.0,49,74.0,53,4
N08735173,5,52.0,56,47.0,55,40.0,60,56.0,49,61.0,53,3
N08735173,6,18.0,56,35.0,55,38.0,60,52.0,49,29.0,53,2
N08735173,6,20.0,56,36.0,55,47.0,60,45.0,49,27.0,53,2
N08735173,6,20.0,56,32.0,55,47.0,60,59.0,49,24.0,53,2
N08735173,7,32.0,56,54.0,55,63.0,60,50.0,49,49.0,53,3
N08735173,8,85.0,56,75.0,55,89.0,60,63.0,49,64.0,53,4
N08735174,2,40.0,56,23.0,55,26.0,60,33.0,49,39.0,53,2
N08735174,4,62.0,56,67.0,55,65.0,60,51.0,49,67.0,53,3
N08735174,4,71.0,56,76.0,55,78.0,60,66.0,49,73.0,53,4
N08735174,4,74.0,56,81.0,55,82.0,60,58.0,49,75.0,53,4
N08743392,4,68.0,56,57.0,55,68.0,60,54.0,49,58.0,53,3
N08743396,5,67.0,56,54.0,55,63.0,60,57.0,49,60.0,53,3
N08743396,5,76.0,56,67.0,55,74.0,60,57.0,49,53.0,53,4
N08743397,3,55.0,56,60.0,55,59.0,60,55.0,49,62.0,53,3
N08743397,3,71.0,56,64.0,55,74.0,60,47.0,49,60.0,53,4
N08743397,3,28.0,56,49.0,55,62.0,60,47.0,49,61.0,53,3
N08743397,4,80.0,56,70.0,55,87.0,60,30.0,49,69.0,53,4
N08743397,4,80.0,56,70.0,55,87.0,60,30.0,49,69.0,53,4
N08743397,4,80.0,56,71.0,55,88.0,60,47.0,49,69.0,53,4
N08743397,5,93.0,56,84.0,55,95.0,60,55.0,49,77.0,53,5
N08743397,5,93.0,56,83.0,55,96.0,60,63.0,49,77.0,53,5
N08743397,5,93.0,56,86.0,55,96.0,60,55.0,49,76.0,53,5
N08743398,2,16.0,56,34.0,55,32.0,60,59.0,49,36.0,53,2
N08743400,4,59.0,56,43.0,55,47.0,60,57.0,49,50.0,53,3
N08743401,2,43.0,56,17.0,55,20.0,60,50.0,49,48.0,53,2
N08743401,2,56.0,56,32.0,55,38.0,60,43.0,49,53.0,53,3
N08743401,4,69.0,56,63.0,55,61.0,60,58.0,49,76.0,53,4
N08743401,4,69.0,56,63.0,55,61.0,60,57.0,49,76.0,53,4
N08743401,4,74.0,56,74.0,55,72.0,60,55.0,49,75.0,53,4
N08743401,4,82.0,56,81.0,55,79.0,60,59.0,49,74.0,53,4
N08743401,4,83.0,56,81.0,55,81.0,60,63.0,49,70.0,53,4
N08743402,3,69.0,56,60.0,55,59.0,60,62.0,49,62.0,53,3
N08743402,4,32.0,56,50.0,55,57.0,60,61.0,49,50.0,53,3
N08743402,5,70.0,56,64.0,55,72.0,60,61.0,49,71.0,53,4
N08743403,2,18.0,56,23.0,55,24.0,60,27.0,49,34.0,53,2
N08743403,4,18.0,56,46.0,55,58.0,60,63.0,49,19.0,53,3
N08743403,5,79.0,56,66.0,55,72.0,60,56.0,49,68.0,53,4
N08743404,3,44.0,56,43.0,55,47.0,60,38.0,49,58.0,53,3
N08743404,3,55.0,56,58.0,55,64.0,60,54.0,49,66.0,53,3
N08743404,3,60.0,56,67.0,55,72.0,60,47.0,49,71.0,53,4
N08743406,4,53.0,56,51.0,55,54.0,60,54.0,49,58.0,53,3
N08743627,2,40.0,56,19.0,55,24.0,60,42.0,49,36.0,53,2
N08749038,4,61.0,56,49.0,55,41.0,60,59.0,49,62.0,53,3
N09756721,4,66.0,56,55.0,55,56.0,60,57.0,49,46.0,53,3
N09756721,4,77.0,56,69.0,55,74.0,60,50.0,49,53.0,53,4
N09756721,4,85.0,56,75.0,55,81.0,60,49.0,49,55.0,53,4
N09762659,4,58.0,56,48.0,55,47.0,60,56.0,49,65.0,53,3
N09762659,4,69.0,56,66.0,55,66.0,60,58.0,49,53.0,53,3
N09762659,4,75.0,56,73.0,55,74.0,60,54.0,49,54.0,53,4
N09762662,4,25.0,56,45.0,55,52.0,60,60.0,49,48.0,53,3
N09762662,4,91.0,56,67.0,55,81.0,60,49.0,49,30.0,53,5
N09762663,2,59.0,56,40.0,55,37.0,60,45.0,49,37.0,53,3
N09762665,3,55.0,56,52.0,55,58.0,60,39.0,49,47.0,53,3
N09762665,3,56.0,56,52.0,55,58.0,60,42.0,49,47.0,53,3
N09762666,5,61.0,56,53.0,55,60.0,60,55.0,49,61.0,53,3
N09762668,5,24.0,56,35.0,55,31.0,60,56.0,49,53.0,53,3
N09762668,5,28.0,56,41.0,55,33.0,60,56.0,49,55.0,53,3
N09762670,5,66.0,56,53.0,55,63.0,60,56.0,49,62.0,53,3
N09767726,4,30.0,56,47.0,55,57.0,60,51.0,49,47.0,53,3
N09767726,4,29.0,56,51.0,55,59.0,60,59.0,49,35.0,53,3
N09767726,5,33.0,56,48.0,55,68.0,60,53.0,49,32.0,53,3
N09767727,1,9.0,56,19.0,55,14.0,60,41.0,49,11.0,53,1
N09767727,4,60.0,56,63.0,55,77.0,60,60.0,49,68.0,53,4
N09767729,2,35.0,56,25.0,55,23.0,60,49.0,49,55.0,53,3
N09767729,3,65.0,56,67.0,55,77.0,60,44.0,49,64.0,53,4
N09767730,5,77.0,56,60.0,55,72.0,60,54.0,49,31.0,53,4
N09767731,5,74.0,56,64.0,55,70.0,60,64.0,49,58.0,53,4
N09767731,5,79.0,56,72.0,55,77.0,60,47.0,49,58.0,53,4
N09767733,2,43.0,56,17.0,55,19.0,60,47.0,49,39.0,53,2
N09767733,2,43.0,56,17.0,55,19.0,60,47.0,49,38.0,53,2
N09767733,2,43.0,56,17.0,55,19.0,60,47.0,49,38.0,53,2
N09767735,3,62.0,56,63.0,55,66.0,60,53.0,49,65.0,53,3
N09767735,4,63.0,56,59.0,55,73.0,60,46.0,49,53.0,53,4
N09767737,4,60.0,56,51.0,55,56.0,60,60.0,49,61.0,53,3
N09767737,4,69.0,56,62.0,55,67.0,60,45.0,49,62.0,53,3
N09767737,4,76.0,56,76.0,55,75.0,60,48.0,49,63.0,53,4
N09767738,5,56.0,56,50.0,55,51.0,60,59.0,49,59.0,53,3
N09771099,6,67.0,56,61.0,55,66.0,60,62.0,49,58.0,53,3
N09771100,2,18.0,56,21.0,55,24.0,60,46.0,49,34.0,53,2
N09771102,3,39.0,56,29.0,55,34.0,60,34.0,49,42.0,53,2
N09771102,3,47.0,56,48.0,55,54.0,60,42.0,49,51.0,53,3
N09771102,3,63.0,56,63.0,55,67.0,60,42.0,49,60.0,53,3
N09771102,4,73.0,56,52.0,55,54.0,60,62.0,49,58.0,53,4
N09771104,4,42.0,56,43.0,55,35.0,60,48.0,49,51.0,53,3
N09771104,5,30.0,56,45.0,55,59.0,60,58.0,49,62.0,53,3
N09771108,5,29.0,56,47.0,55,52.0,60,43.0,49,44.0,53,3
N09771108,6,68.0,56,61.0,55,66.0,60,63.0,49,55.0,53,3
N09771108,6,86.0,56,69.0,55,76.0,60,33.0,49,24.0,53,4
N09771110,1,55.0,56,35.0,55,23.0,60,50.0,49,19.0,53,3
N09774135,2,18.0,56,38.0,55,32.0,60,60.0,49,44.0,53,2
N09774137,4,64.0,56,55.0,55,60.0,60,55.0,49,57.0,53,3
N09774137,4,75.0,56,67.0,55,70.0,60,52.0,49,53.0,53,4
N09774137,4,80.0,56,76.0,55,76.0,60,54.0,49,52.0,53,4
N09774139,4,61.0,56,51.0,55,57.0,60,53.0,49,62.0,53,3
N09774139,4,70.0,56,67.0,55,70.0,60,56.0,49,59.0,53,3
N09778117,3,37.0,56,36.0,55,33.0,60,55.0,49,54.0,53,3
N09778117,4,70.0,56,59.0,55,65.0,60,46.0,49,46.0,53,3
N09778117,5,73.0,56,62.0,55,81.0,60,54.0,49,72.0,53,4
N09778117,5,82.0,56,72.0,55,87.0,60,66.0,49,72.0,53,4
N09778117,5,85.0,56,77.0,55,89.0,60,45.0,49,63.0,53,4
N09778117,5,86.0,56,78.0,55,91.0,60,51.0,49,62.0,53,5
N09778118,7,72.0,56,61.0,55,61.0,60,63.0,49,52.0,53,4
N09778118,7,78.0,56,69.0,55,73.0,60,61.0,49,53.0,53,4
N09778120,1,10.0,56,27.0,55,21.0,60,54.0,49,22.0,53,1
N09778120,1,10.0,56,25.0,55,21.0,60,52.0,49,22.0,53,1
N09778120,4,70.0,56,56.0,55,69.0,60,48.0,49,69.0,53,3
N09778120,4,78.0,56,74.0,55,74.0,60,57.0,49,64.0,53,4
N09778122,2,50.0,56,39.0,55,46.0,60,47.0,49,56.0,53,3
N09778123,1,14.0,56,29.0,55,28.0,60,49.0,49,39.0,53,2
N09778123,2,19.0,56,48.0,55,42.0,60,57.0,49,56.0,53,3
N09778123,6,51.0,56,73.0,55,85.0,60,63.0,49,62.0,53,4
N09778123,6,50.0,56,71.0,55,88.0,60,67.0,49,53.0,53,4
N09778124,4,18.0,56,40.0,55,31.0,60,54.0,49,47.0,53,2
N09778127,2,43.0,56,37.0,55,45.0,60,47.0,49,62.0,53,3
N09778127,2,55.0,56,45.0,55,60.0,60,52.0,49,64.0,53,3
N09778127,2,69.0,56,55.0,55,72.0,60,48.0,49,67.0,53,4
N09778133,3,60.0,56,57.0,55,68.0,60,52.0,49,56.0,53,3
N09778134,2,18.0,56,27.0,55,25.0,60,44.0,49,36.0,53,2
N09778134,5,67.0,56,62.0,55,68.0,60,58.0,49,63.0,53,3
N09778134,5,33.0,56,55.0,55,56.0,60,66.0,49,68.0,53,3
N09778134,7,78.0,56,76.0,55,79.0,60,58.0,49,68.0,53,4
N09778135,3,47.0,56,48.0,55,50.0,60,54.0,49,68.0,53,3
N09778135,3,52.0,56,63.0,55,62.0,60,53.0,49,70.0,53,3
N09778136,4,15.0,56,18.0,55,22.0,60,51.0,49,24.0,53,1
N09778137,1,11.0,56,33.0,55,25.0,60,51.0,49,27.0,53,2
N09778137,4,62.0,56,67.0,55,78.0,60,52.0,49,71.0,53,4
N09778137,4,62.0,56,58.0,55,79.0,60,55.0,49,71.0,53,4
N09778137,4,76.0,56,75.0,55,83.0,60,56.0,49,69.0,53,4
N09778137,4,19.0,56,52.0,55,73.0,60,55.0,49,30.0,53,4
N09778137,5,81.0,56,78.0,55,85.0,60,60.0,49,59.0,53,4
N09778137,5,81.0,56,81.0,55,86.0,60,29.0,49,65.0,53,4
N09778137,5,83.0,56,83.0,55,90.0,60,25.0,49,62.0,53,4
N09778137,5,83.0,56,71.0,55,91.0,60,40.0,49,59.0,53,5
N09778137,5,19.0,56,41.0,55,77.0,60,35.0,49,20.0,53,4
N09778137,6,64.0,56,77.0,55,79.0,60,57.0,49,70.0,53,4
N09778137,6,62.0,56,75.0,55,83.0,60,60.0,49,68.0,53,4
N09778137,6,96.0,56,88.0,55,95.0,60,26.0,49,70.0,53,5
N09778137,6,96.0,56,73.0,55,93.0,60,30.0,49,65.0,53,5
N09781144,2,37.0,56,26.0,55,22.0,60,51.0,49,48.0,53,2
N09781144,2,43.0,56,27.0,55,22.0,60,59.0,49,47.0,53,2
N09781144,3,12.0,56,30.0,55,30.0,60,47.0,49,20.0,53,2
N09781144,4,78.0,56,64.0,55,64.0,60,57.0,49,72.0,53,4
N09781144,4,81.0,56,76.0,55,76.0,60,58.0,49,68.0,53,4
N09781144,5,33.0,56,61.0,55,73.0,60,49.0,49,50.0,53,4
N09781144,6,40.0,56,59.0,55,77.0,60,56.0,49,73.0,53,4
N09781144,7,91.0,56,79.0,55,90.0,60,34.0,49,45.0,53,5
N09781145,3,27.0,56,37.0,55,47.0,60,49.0,49,54.0,53,3
N09781145,5,73.0,56,76.0,55,88.0,60,59.0,49,60.0,53,4
N09781145,5,81.0,56,79.0,55,87.0,60,49.0,49,64.0,53,4
N09781145,5,30.0,56,59.0,55,79.0,60,44.0,49,61.0,53,4
N09781145,6,87.0,56,87.0,55,94.0,60,56.0,49,68.0,53,5
N09781147,4,17.0,56,33.0,55,43.0,60,55.0,49,34.0,53,2
N09781147,4,83.0,56,63.0,55,82.0,60,59.0,49,38.0,53,4
N09781147,4,94.0,56,77.0,55,87.0,60,46.0,49,38.0,53,5
N09781148,3,71.0,56,60.0,55,45.0,60,56.0,49,38.0,53,4
N09781149,2,65.0,56,54.0,55,67.0,60,31.0,49,50.0,53,3
N09781149,2,74.0,56,58.0,55,71.0,60,46.0,49,59.0,53,4
N09781149,2,74.0,56,54.0,55,69.0,60,45.0,49,49.0,53,4
N09781149,2,74.0,56,54.0,55,69.0,60,47.0,49,49.0,53,4
N09781150,3,52.0,56,48.0,55,47.0,60,49.0,49,47.0,53,3
N09781150,3,22.0,56,48.0,55,42.0,60,54.0,49,51.0,53,3
N09781150,7,85.0,56,68.0,55,84.0,60,43.0,49,59.0,53,4
N09781151,3,52.0,56,55.0,55,58.0,60,57.0,49,69.0,53,3
N09781151,3,67.0,56,67.0,55,70.0,60,56.0,49,69.0,53,3
N09781151,3,74.0,56,76.0,55,78.0,60,46.0,49,55.0,53,4
N09781151,6,27.0,56,54.0,55,70.0,60,62.0,49,24.0,53,3
N09781151,7,38.0,56,58.0,55,72.0,60,46.0,49,52.0,53,4
N09781153,4,27.0,56,44.0,55,45.0,60,64.0,49,49.0,53,2
N09781153,5,40.0,56,55.0,55,61.0,60,66.0,49,55.0,53,3
N09781154,5,63.0,56,55.0,55,62.0,60,44.0,49,61.0,53,3
N09781155,4,64.0,56,55.0,55,71.0,60,59.0,49,51.0,53,4
N09781155,4,72.0,56,67.0,55,78.0,60,54.0,49,55.0,53,4
N09781155,4,79.0,56,77.0,55,82.0,60,58.0,49,56.0,53,4
N09781155,5,86.0,56,74.0,55,87.0,60,63.0,49,65.0,53,4
N09781155,5,88.0,56,73.0,55,89.0,60,56.0,49,61.0,53,4
N09781156,4,56.0,56,51.0,55,50.0,60,55.0,49,66.0,53,3
N09781156,4,56.0,56,51.0,55,50.0,60,55.0,49,67.0,53,3
N09781156,4,16.0,56,45.0,55,48.0,60,56.0,49,32.0,53,2
N09781158,3,54.0,56,40.0,55,36.0,60,48.0,49,41.0,53,3
N09781158,3,22.0,56,32.0,55,32.0,60,50.0,49,35.0,53,2
N09781158,4,63.0,56,61.0,55,57.0,60,64.0,49,68.0,53,3
N09781158,4,66.0,56,73.0,55,66.0,60,59.0,49,65.0,53,4
N09781158,4,29.0,56,54.0,55,44.0,60,58.0,49,66.0,53,3
N09781158,7,88.0,56,67.0,55,75.0,60,48.0,49,29.0,53,4
N09781158,7,88.0,56,67.0,55,75.0,60,48.0,49,29.0,53,4
N09781160,2,34.0,56,45.0,55,45.0,60,55.0,49,57.0,53,3
N09781160,2,67.0,56,61.0,55,77.0,60,61.0,49,32.0,53,4
N09781161,2,16.0,56,32.0,55,34.0,60,38.0,49,50.0,53,3
N09781161,3,18.0,56,42.0,55,39.0,60,44.0,49,41.0,53,2
N09781161,5,87.0,56,65.0,55,73.0,60,55.0,49,35.0,53,4
N09781162,5,24.0,56,31.0,55,50.0,60,53.0,49,49.0,53,3
N09781162,6,75.0,56,60.0,55,70.0,60,42.0,49,56.0,53,4
N09783740,4,36.0,56,46.0,55,39.0,60,52.0,49,56.0,53,3
N09783740,5,54.0,56,57.0,55,57.0,60,60.0,49,62.0,53,3
N09783740,5,63.0,56,75.0,55,66.0,60,60.0,49,70.0,53,4
N09783740,5,75.0,56,81.0,55,77.0,60,53.0,49,71.0,53,4
N09783740,5,78.0,56,83.0,55,80.0,60,47.0,49,71.0,53,4
N09783740,5,21.0,56,67.0,55,57.0,60,52.0,49,69.0,53,3
N09783741,4,66.0,56,54.0,55,70.0,60,60.0,49,34.0,53,3
N09783745,2,56.0,56,42.0,55,43.0,60,39.0,49,27.0,53,3
N09783746,2,35.0,56,26.0,55,27.0,60,51.0,49,55.0,53,3
N09783746,2,41.0,56,26.0,55,27.0,60,59.0,49,58.0,53,3
N09783746,4,59.0,56,59.0,55,66.0,60,46.0,49,64.0,53,3
N09783746,4,68.0,56,71.0,55,74.0,60,48.0,49,72.0,53,4
N09783747,2,40.0,56,27.0,55,22.0,60,51.0,49,45.0,53,2
N09783748,4,63.0,56,55.0,55,61.0,60,59.0,49,56.0,53,3
N09783748,5,40.0,56,54.0,55,63.0,60,51.0,49,22.0,53,3
N09783749,5,56.0,56,54.0,55,52.0,60,54.0,49,60.0,53,3
N09783750,2,40.0,56,31.0,55,32.0,60,42.0,49,41.0,53,2
N09783751,5,66.0,56,55.0,55,69.0,60,50.0,49,62.0,53,3
N09783751,6,73.0,56,66.0,55,71.0,60,55.0,49,61.0,53,4
N09783751,6,80.0,56,77.0,55,79.0,60,61.0,49,64.0,53,4
N09786290,5,26.0,56,45.0,55,65.0,60,62.0,49,61.0,53,3
N09786290,6,78.0,56,66.0,55,82.0,60,44.0,49,65.0,53,4
N09786292,6,78.0,56,69.0,55,75.0,60,57.0,49,62.0,53,4
N09786294,5,63.0,56,53.0,55,57.0,60,48.0,49,61.0,53,3
N09786295,3,56.0,56,57.0,55,72.0,60,56.0,49,57.0,53,4
N09786295,4,61.0,56,67.0,55,78.0,60,62.0,49,62.0,53,4
N09791473,4,44.0,56,50.0,55,47.0,60,63.0,49,57.0,53,3
N09791474,2,45.0,56,40.0,55,49.0,60,50.0,49,60.0,53,3
N09791474,2,66.0,56,59.0,55,73.0,60,38.0,49,54.0,53,4
N09791474,2,25.0,56,51.0,55,71.0,60,36.0,49,45.0,53,4
N09791474,5,92.0,56,80.0,55,91.0,60,52.0,49,67.0,53,5
N09791474,5,63.0,56,69.0,55,87.0,60,48.0,49,66.0,53,4
N09791474,5,93.0,56,87.0,55,95.0,60,41.0,49,56.0,53,5
N10798567,4,44.0,56,46.0,55,40.0,60,57.0,49,59.0,53,3
N10798567,4,67.0,56,65.0,55,64.0,60,60.0,49,52.0,53,3
N10805714,4,47.0,56,48.0,55,45.0,60,57.0,49,61.0,53,3
N10805714,4,56.0,56,64.0,55,63.0,60,64.0,49,62.0,53,3
N10805714,4,19.0,56,61.0,55,51.0,60,59.0,49,53.0,53,3
N10805714,4,19.0,56,59.0,55,60.0,60,55.0,49,58.0,53,3
N10805714,4,18.0,56,61.0,55,60.0,60,54.0,49,56.0,53,3
N10805714,4,15.0,56,59.0,55,67.0,60,55.0,49,51.0,53,3
N10805714,5,80.0,56,71.0,55,79.0,60,59.0,49,73.0,53,4
N10805714,5,82.0,56,78.0,55,84.0,60,41.0,49,71.0,53,4
N10805714,5,87.0,56,79.0,55,84.0,60,49.0,49,66.0,53,4
N10805714,5,90.0,56,82.0,55,90.0,60,38.0,49,54.0,53,4
N10805714,5,91.0,56,81.0,55,93.0,60,40.0,49,47.0,53,5
N10805715,3,33.0,56,46.0,55,40.0,60,59.0,49,57.0,53,3
N10805718,3,52.0,56,48.0,55,44.0,60,55.0,49,60.0,53,3
N10805718,3,18.0,56,53.0,55,44.0,60,50.0,49,60.0,53,3
N10805718,4,85.0,56,63.0,55,83.0,60,55.0,49,30.0,53,4
N10805718,4,24.0,56,57.0,55,60.0,60,37.0,49,58.0,53,3
N10805719,5,60.0,56,45.0,55,43.0,60,64.0,49,57.0,53,3
N10805719,5,71.0,56,66.0,55,58.0,60,45.0,49,67.0,53,4
N10805720,3,49.0,56,60.0,55,66.0,60,61.0,49,66.0,53,3
N10805720,4,75.0,56,68.0,55,81.0,60,47.0,49,46.0,53,4
N10805722,5,78.0,56,68.0,55,78.0,60,53.0,49,63.0,53,4
N10805722,6,72.0,56,61.0,55,80.0,60,63.0,49,64.0,53,4
N10805722,6,72.0,56,61.0,55,80.0,60,63.0,49,65.0,53,4
N10805723,2,58.0,56,52.0,55,55.0,60,55.0,49,60.0,53,3
N10805723,2,62.0,56,55.0,55,70.0,60,31.0,49,54.0,53,3
N10805725,2,45.0,56,36.0,55,32.0,60,50.0,49,53.0,53,3
N10805725,3,10.0,56,21.0,55,26.0,60,29.0,49,21.0,53,1
N10805725,7,85.0,56,70.0,55,82.0,60,32.0,49,57.0,53,4
N10805726,6,59.0,56,53.0,55,60.0,60,55.0,49,63.0,53,3
N10805726,6,60.0,56,53.0,55,60.0,60,59.0,49,63.0,53,3
N10805728,1,44.0,56,44.0,55,27.0,60,49.0,49,38.0,53,2
N10805733,4,21.0,56,44.0,55,47.0,60,54.0,49,27.0,53,2
N10805734,4,65.0,56,54.0,55,62.0,60,59.0,49,42.0,53,3
N10808659,4,54.0,56,41.0,55,49.0,60,45.0,49,54.0,53,3
N10808659,4,71.0,56,61.0,55,70.0,60,50.0,49,34.0,53,4
N10808660,1,57.0,56,34.0,55,36.0,60,47.0,49,28.0,53,3
N10808661,3,23.0,56,40.0,55,33.0,60,63.0,49,52.0,53,3
N10808661,3,27.0,56,48.0,55,44.0,60,55.0,49,55.0,53,3
N10812722,1,15.0,56,24.0,55,19.0,60,57.0,49,34.0,53,2
N10812722,1,55.0,56,44.0,55,34.0,60,40.0,49,44.0,53,3
N10812722,2,63.0,56,55.0,55,64.0,60,50.0,49,67.0,53,3
N10812722,2,67.0,56,63.0,55,71.0,60,48.0,49,72.0,53,4
N10812722,3,65.0,56,70.0,55,71.0,60,58.0,49,69.0,53,4
N10812722,3,25.0,56,59.0,55,59.0,60,51.0,49,67.0,53,3
N10812722,4,74.0,56,74.0,55,81.0,60,57.0,49,75.0,53,4
N10812722,4,76.0,56,78.0,55,85.0,60,58.0,49,75.0,53,4
N10812722,4,76.0,56,78.0,55,85.0,60,58.0,49,75.0,53,4
N10812722,4,76.0,56,75.0,55,82.0,60,62.0,49,76.0,53,4
N10812722,4,84.0,56,79.0,55,87.0,60,42.0,49,73.0,53,4
N10812722,4,87.0,56,74.0,55,88.0,60,53.0,49,68.0,53,4
N10812722,4,87.0,56,82.0,55,91.0,60,47.0,49,64.0,53,5
N10812722,4,90.0,56,82.0,55,95.0,60,48.0,49,35.0,53,5
N10812722,5,94.0,56,82.0,55,95.0,60,18.0,49,60.0,53,5
N10812722,5,94.0,56,87.0,55,95.0,60,24.0,49,51.0,53,5
N10812723,3,43.0,56,37.0,55,34.0,60,54.0,49,59.0,53,3
N10812723,5,79.0,56,61.0,55,67.0,60,55.0,49,38.0,53,4
N10812725,3,35.0,56,44.0,55,39.0,60,49.0,49,61.0,53,3
N10812725,3,17.0,56,45.0,55,41.0,60,54.0,49,67.0,53,3
N10812725,4,65.0,56,61.0,55,64.0,60,59.0,49,72.0,53,4
N10812725,4,69.0,56,72.0,55,72.0,60,60.0,49,75.0,53,4
N10812725,4,26.0,56,58.0,55,53.0,60,58.0,49,62.0,53,3
N10812725,5,75.0,56,70.0,55,79.0,60,57.0,49,73.0,53,4
N10812725,5,32.0,56,58.0,55,66.0,60,28.0,49,59.0,53,3
N10812725,6,76.0,56,71.0,55,79.0,60,54.0,49,72.0,53,4
N10812725,7,90.0,56,75.0,55,89.0,60,36.0,49,57.0,53,4
N10812726,3,19.0,56,32.0,55,32.0,60,45.0,49,51.0,53,3
N10812726,4,64.0,56,66.0,55,67.0,60,55.0,49,70.0,53,3
N10812726,6,50.0,56,59.0,55,75.0,60,57.0,49,61.0,53,4
N10812728,2,17.0,56,25.0,55,27.0,60,45.0,49,38.0,53,2
N10812728,3,65.0,56,59.0,55,64.0,60,43.0,49,62.0,53,3
N10812728,4,64.0,56,53.0,55,64.0,60,44.0,49,67.0,53,3
N10812728,4,18.0,56,48.0,55,66.0,60,53.0,49,40.0,53,3
N10812728,5,80.0,56,71.0,55,80.0,60,54.0,49,72.0,53,4
N10812728,6,87.0,56,84.0,55,92.0,60,41.0,49,70.0,53,5
N10817622,3,59.0,56,58.0,55,59.0,60,50.0,49,66.0,53,3
N10817622,3,67.0,56,71.0,55,74.0,60,48.0,49,70.0,53,4
N10817622,3,27.0,56,60.0,55,58.0,60,57.0,49,71.0,53,4
N10817622,3,25.0,56,65.0,55,64.0,60,57.0,49,71.0,53,4
N10817622,3,27.0,56,66.0,55,62.0,60,59.0,49,68.0,53,3
N10826510,4,51.0,56,52.0,55,48.0,60,57.0,49,61.0,53,3
N10826515,2,43.0,56,36.0,55,30.0,60,46.0,49,40.0,53,2
N10826515,2,48.0,56,39.0,55,30.0,60,54.0,49,43.0,53,2
N10826515,2,56.0,56,52.0,55,51.0,60,34.0,49,55.0,53,3
N10826515,2,64.0,56,60.0,55,58.0,60,44.0,49,57.0,53,3
N10826515,2,31.0,56,25.0,55,41.0,60,50.0,49,61.0,53,3
N10831635,1,60.0,56,57.0,55,59.0,60,22.0,49,36.0,53,3
N10831670,5,59.0,56,56.0,55,69.0,60,60.0,49,55.0,53,3
N11840674,3,46.0,56,51.0,55,47.0,60,55.0,49,63.0,53,3
N11840674,4,84.0,56,69.0,55,87.0,60,51.0,49,71.0,53,4
N11840674,4,84.0,56,69.0,55,87.0,60,51.0,49,71.0,53,4
N11840674,4,55.0,56,61.0,55,78.0,60,48.0,49,56.0,53,4
N11840674,4,53.0,56,44.0,55,81.0,60,40.0,49,55.0,53,4
N11840674,5,93.0,56,82.0,55,94.0,60,59.0,49,67.0,53,5
N11840675,5,56.0,56,51.0,55,52.0,60,33.0,49,53.0,53,3
N11840675,5,65.0,56,66.0,55,68.0,60,51.0,49,66.0,53,3
N11840675,5,79.0,56,75.0,55,74.0,60,45.0,49,73.0,53,4
N11840675,5,82.0,56,80.0,55,83.0,60,58.0,49,64.0,53,4
N11840675,5,81.0,56,81.0,55,86.0,60,45.0,49,64.0,53,4
N11840675,5,82.0,56,83.0,55,88.0,60,40.0,49,60.0,53,4
N11844280,1,60.0,56,57.0,55,59.0,60,34.0,49,37.0,53,3
N11844282,6,24.0,56,43.0,55,54.0,60,56.0,49,33.0,53,3
N11844282,7,71.0,56,63.0,55,69.0,60,38.0,49,54.0,53,4
N11844283,4,20.0,56,42.0,55,56.0,60,46.0,49,32.0,53,3
N11844283,4,19.0,56,42.0,55,56.0,60,46.0,49,32.0,53,3
N11844283,5,23.0,56,52.0,55,57.0,60,51.0,49,47.0,53,3
N11844283,6,72.0,56,74.0,55,75.0,60,50.0,49,71.0,53,4
N11844283,6,78.0,56,78.0,55,80.0,60,51.0,49,70.0,53,4
N11844283,6,84.0,56,82.0,55,84.0,60,36.0,49,47.0,53,4
N11850182,5,56.0,56,53.0,55,60.0,60,55.0,49,59.0,53,3
N11850182,7,77.0,56,57.0,55,66.0,60,32.0,49,32.0,53,4
N11850182,7,82.0,56,73.0,55,75.0,60,39.0,49,39.0,53,4
N11850182,7,86.0,56,77.0,55,81.0,60,23.0,49,47.0,53,4
N11850184,3,46.0,56,51.0,55,44.0,60,54.0,49,62.0,53,3
N11850184,3,51.0,56,64.0,55,60.0,60,56.0,49,65.0,53,3
N11850184,3,21.0,56,53.0,55,45.0,60,56.0,49,67.0,53,3
N11850185,3,15.0,56,29.0,55,27.0,60,58.0,49,37.0,53,2
N11850185,4,57.0,56,49.0,55,49.0,60,56.0,49,65.0,53,3
N11850186,2,42.0,56,37.0,55,33.0,60,56.0,49,49.0,53,2
N11850186,3,47.0,56,56.0,55,59.0,60,53.0,49,64.0,53,3
N11850186,3,23.0,56,57.0,55,52.0,60,58.0,49,59.0,53,3
N11850188,3,20.0,56,44.0,55,48.0,60,56.0,49,59.0,53,3
N11850188,3,22.0,56,54.0,55,53.0,60,47.0,49,62.0,53,3
N11850189,4,11.0,56,24.0,55,34.0,60,31.0,49,8.0,53,2
N11850189,4,76.0,56,64.0,55,65.0,60,47.0,49,40.0,53,4
N11850196,2,44.0,56,44.0,55,33.0,60,50.0,49,57.0,53,3
N11850196,2,65.0,56,66.0,55,66.0,60,50.0,49,45.0,53,3
N11850198,3,41.0,56,44.0,55,36.0,60,44.0,49,65.0,53,3
N11850199,2,24.0,56,44.0,55,51.0,60,51.0,49,65.0,53,3
N11850199,4,19.0,56,44.0,55,52.0,60,48.0,49,55.0,53,3
N11850200,2,34.0,56,44.0,55,35.0,60,52.0,49,64.0,53,3
N11850200,2,45.0,56,59.0,55,49.0,60,53.0,49,68.0,53,3
N11850200,2,63.0,56,70.0,55,69.0,60,48.0,49,63.0,53,3
N11850201,2,12.0,56,20.0,55,26.0,60,46.0,49,28.0,53,1
N11850201,3,52.0,56,57.0,55,60.0,60,59.0,49,65.0,53,3
N11850201,3,58.0,56,67.0,55,72.0,60,56.0,49,67.0,53,4
N11850201,3,61.0,56,77.0,55,76.0,60,56.0,49,73.0,53,4
N11850201,3,63.0,56,77.0,55,80.0,60,57.0,49,74.0,53,4
N11850201,4,79.0,56,71.0,55,85.0,60,46.0,49,67.0,53,4
N11850201,4,82.0,56,77.0,55,88.0,60,34.0,49,64.0,53,4
N11850201,4,87.0,56,79.0,55,86.0,60,49.0,49,50.0,53,4
N11850202,2,37.0,56,49.0,55,55.0,60,53.0,49,61.0,53,3
N11850202,2,44.0,56,63.0,55,65.0,60,53.0,49,69.0,53,3
N11850202,2,50.0,56,73.0,55,75.0,60,48.0,49,75.0,53,4
N11850202,2,12.0,56,42.0,55,61.0,60,45.0,49,45.0,53,3
N11850202,4,82.0,56,75.0,55,86.0,60,36.0,49,36.0,53,4
N11850204,3,62.0,56,62.0,55,66.0,60,50.0,49,59.0,53,3
N11850205,2,12.0,56,29.0,55,31.0,60,45.0,49,24.0,53,2
N11850205,3,13.0,56,38.0,55,49.0,60,53.0,49,16.0,53,2
N11850205,4,66.0,56,63.0,55,74.0,60,61.0,49,69.0,53,4
N11850205,4,32.0,56,44.0,55,62.0,60,27.0,49,55.0,53,3
N11850205,5,75.0,56,65.0,55,79.0,60,54.0,49,69.0,53,4
N11850205,5,82.0,56,72.0,55,84.0,60,53.0,49,72.0,53,4
N11850205,5,35.0,56,54.0,55,70.0,60,53.0,49,63.0,53,3
N11850224,2,41.0,56,45.0,55,45.0,60,47.0,49,66.0,53,3
N11850224,2,20.0,56,63.0,55,53.0,60,54.0,49,69.0,53,3
N11850224,2,17.0,56,47.0,55,44.0,60,55.0,49,52.0,53,3
N11850224,3,57.0,56,67.0,55,77.0,60,55.0,49,74.0,53,4
N11850224,3,18.0,56,61.0,55,64.0,60,56.0,49,67.0,53,3
N11850224,3,18.0,56,61.0,55,64.0,60,56.0,49,68.0,53,3
N11850224,3,14.0,56,27.0,55,48.0,60,29.0,49,11.0,53,2
N11850234,3,9.0,56,22.0,55,26.0,60,51.0,49,18.0,53,1
N11850234,4,16.0,56,44.0,55,49.0,60,50.0,49,33.0,53,2
N11850234,5,23.0,56,52.0,55,60.0,60,55.0,49,53.0,53,3
N11850236,2,39.0,56,41.0,55,30.0,60,54.0,49,53.0,53,3
N11850236,3,87.0,56,70.0,55,83.0,60,57.0,49,58.0,53,4
N11854101,2,39.0,56,55.0,55,64.0,60,48.0,49,70.0,53,3
N11854103,3,54.0,56,44.0,55,41.0,60,55.0,49,48.0,53,3
N11857180,3,18.0,56,37.0,55,32.0,60,50.0,49,49.0,53,2
N11857181,3,50.0,56,41.0,55,39.0,60,60.0,49,42.0,53,3
N11857182,2,18.0,56,27.0,55,26.0,60,60.0,49,46.0,53,2
N11857182,4,12.0,56,35.0,55,36.0,60,48.0,49,21.0,53,2
N11857182,5,79.0,56,69.0,55,68.0,60,64.0,49,60.0,53,4
N11857182,5,82.0,56,76.0,55,74.0,60,51.0,49,64.0,53,4
N11857184,3,31.0,56,34.0,55,34.0,60,58.0,49,53.0,53,3
N11857186,3,55.0,56,53.0,55,53.0,60,55.0,49,42.0,53,3
N11857187,4,70.0,56,61.0,55,73.0,60,55.0,49,57.0,53,4
N11857187,4,77.0,56,70.0,55,82.0,60,46.0,49,56.0,53,4
N11857187,4,82.0,56,78.0,55,86.0,60,33.0,49,54.0,53,4
N11857187,4,82.0,56,81.0,55,89.0,60,44.0,49,54.0,53,4
N11868769,7,66.0,56,57.0,55,57.0,60,65.0,49,54.0,53,3
N11868769,7,67.0,56,58.0,55,57.0,60,65.0,49,54.0,53,3
N12886092,2,61.0,56,51.0,55,44.0,60,50.0,49,31.0,53,3
N12889299,1,24.0,56,16.0,55,12.0,60,28.0,49,33.0,53,2
N12893398,3,61.0,56,55.0,55,51.0,60,41.0,49,54.0,53,3
N12893398,3,69.0,56,70.0,55,67.0,60,27.0,49,57.0,53,3
N12896268,2,47.0,56,30.0,55,45.0,60,42.0,49,4.0,53,2
N12896270,2,37.0,56,40.0,55,28.0,60,57.0,49,49.0,53,2
N12896270,3,61.0,56,56.0,55,56.0,60,59.0,49,59.0,53,3
N12896270,4,65.0,56,59.0,55,65.0,60,36.0,49,68.0,53,3
N12896271,4,22.0,56,31.0,55,29.0,60,53.0,49,40.0,53,2
N12896271,4,22.0,56,31.0,55,29.0,60,53.0,49,40.0,53,2
N12896271,4,17.0,56,39.0,55,31.0,60,48.0,49,34.0,53,2
N12896271,6,79.0,56,58.0,55,70.0,60,34.0,49,50.0,53,4
N12896274,3,15.0,56,27.0,55,32.0,60,56.0,49,12.0,53,2
N12896275,4,62.0,56,56.0,55,46.0,60,52.0,49,62.0,53,3
N12899412,3,69.0,56,58.0,55,73.0,60,41.0,49,44.0,53,4
N12899412,4,68.0,56,67.0,55,80.0,60,53.0,49,59.0,53,4
N12899412,4,82.0,56,74.0,55,86.0,60,44.0,49,65.0,53,4
N12899412,4,82.0,56,74.0,55,86.0,60,50.0,49,67.0,53,4
N12899412,4,84.0,56,80.0,55,89.0,60,49.0,49,68.0,53,4
N12899412,4,86.0,56,83.0,55,92.0,60,46.0,49,63.0,53,5
N12899413,4,60.0,56,52.0,55,49.0,60,36.0,49,48.0,53,3
N12899416,1,60.0,56,49.0,55,58.0,60,61.0,49,38.0,53,3
N12899418,1,53.0,56,46.0,55,38.0,60,52.0,49,50.0,53,3
N12899419,1,60.0,56,54.0,55,59.0,60,37.0,49,42.0,53,3
N12899420,5,76.0,56,49.0,55,66.0,60,26.0,49,32.0,53,4
N12903630,2,37.0,56,51.0,55,77.0,60,48.0,49,68.0,53,4
N12903630,2,37.0,56,51.0,55,77.0,60,48.0,49,70.0,53,4
N12903630,2,46.0,56,64.0,55,86.0,60,49.0,49,69.0,53,4
N12903630,2,53.0,56,73.0,55,91.0,60,54.0,49,71.0,53,5
N12903630,3,66.0,56,60.0,55,79.0,60,55.0,49,72.0,53,4
N12903630,3,78.0,56,64.0,55,84.0,60,32.0,49,61.0,53,4
N12903630,3,81.0,56,83.0,55,86.0,60,19.0,49,63.0,53,4
N12903630,3,81.0,56,85.0,55,89.0,60,39.0,49,65.0,53,4
N12903631,3,54.0,56,46.0,55,48.0,60,51.0,49,64.0,53,3
N12903631,3,21.0,56,48.0,55,37.0,60,59.0,49,62.0,53,3
N12903632,3,61.0,56,52.0,55,53.0,60,29.0,49,52.0,53,3
N12903634,2,10.0,56,31.0,55,33.0,60,49.0,49,26.0,53,2
N12903634,3,50.0,56,59.0,55,59.0,60,53.0,49,70.0,53,3
N12903634,4,28.0,56,51.0,55,37.0,60,43.0,49,59.0,53,3
N12903634,4,78.0,56,75.0,55,75.0,60,49.0,49,68.0,53,4
N12903634,4,80.0,56,78.0,55,87.0,60,57.0,49,52.0,53,4
N12903636,2,16.0,56,27.0,55,27.0,60,57.0,49,31.0,53,2
N12903636,3,64.0,56,53.0,55,50.0,60,53.0,49,52.0,53,3
N12903638,2,37.0,56,31.0,55,29.0,60,53.0,49,51.0,53,3
N12903638,2,37.0,56,31.0,55,29.0,60,53.0,49,53.0,53,3
N12903638,2,53.0,56,54.0,55,50.0,60,58.0,49,55.0,53,3
N12903638,2,15.0,56,40.0,55,42.0,60,52.0,49,53.0,53,3
N12903639,2,51.0,56,48.0,55,66.0,60,61.0,49,55.0,53,3
N12903639,2,63.0,56,61.0,55,75.0,60,55.0,49,57.0,53,4
N12903639,3,75.0,56,73.0,55,83.0,60,62.0,49,70.0,53,4
N12903640,1,21.0,56,35.0,55,36.0,60,38.0,49,8.0,53,2
N12903645,7,82.0,56,62.0,55,84.0,60,29.0,49,44.0,53,4
N12903648,2,37.0,56,23.0,55,25.0,60,50.0,49,52.0,53,3
N12903648,3,42.0,56,44.0,55,50.0,60,38.0,49,56.0,53,3
N12903648,3,53.0,56,64.0,55,62.0,60,55.0,49,74.0,53,4
N12903648,3,58.0,56,68.0,55,70.0,60,51.0,49,76.0,53,4
N12903648,3,70.0,56,69.0,55,76.0,60,57.0,49,71.0,53,4
N12903648,3,74.0,56,74.0,55,80.0,60,57.0,49,65.0,53,4
N12903648,3,19.0,56,55.0,55,58.0,60,44.0,49,66.0,53,3
N12903653,1,44.0,56,39.0,55,24.0,60,54.0,49,34.0,53,2
N12903656,1,32.0,56,32.0,55,21.0,60,49.0,49,40.0,53,2
N12906267,2,11.0,56,31.0,55,37.0,60,53.0,49,27.0,53,2
N12906267,2,13.0,56,38.0,55,44.0,60,56.0,49,26.0,53,2
N12906267,3,30.0,56,54.0,55,74.0,60,37.0,49,46.0,53,4
N12906267,3,22.0,56,55.0,55,76.0,60,44.0,49,40.0,53,4
N12906269,2,15.0,56,28.0,55,28.0,60,57.0,49,47.0,53,2
N12906271,2,43.0,56,42.0,55,44.0,60,56.0,49,52.0,53,3
N12909430,1,14.0,56,29.0,55,20.0,60,52.0,49,38.0,53,2
N12909430,3,51.0,56,61.0,55,67.0,60,49.0,49,60.0,53,3
N12912844,2,42.0,56,41.0,55,33.0,60,54.0,49,53.0,53,3
N12912844,3,80.0,56,69.0,55,85.0,60,41.0,49,64.0,53,4
N12922900,4,77.0,56,69.0,55,74.0,60,43.0,49,56.0,53,4
N12922903,2,46.0,56,42.0,55,33.0,60,52.0,49,51.0,53,3
N12922903,2,58.0,56,59.0,55,54.0,60,52.0,49,63.0,53,3
N12922903,3,66.0,56,64.0,55,72.0,60,46.0,49,48.0,53,4
N12922903,4,68.0,56,73.0,55,77.0,60,55.0,49,75.0,53,4
N12922903,4,68.0,56,78.0,55,82.0,60,54.0,49,73.0,53,4
N12922903,4,32.0,56,59.0,55,67.0,60,31.0,49,63.0,53,3
N13928349,1,24.0,56,26.0,55,19.0,60,40.0,49,38.0,53,2
N13928349,1,24.0,56,26.0,55,19.0,60,45.0,49,38.0,53,2
N13928349,2,51.0,56,55.0,55,58.0,60,56.0,49,69.0,53,3
N13928349,4,77.0,56,70.0,55,86.0,60,59.0,49,70.0,53,4
N13928350,2,37.0,56,38.0,55,35.0,60,54.0,49,59.0,53,3
N13928350,3,54.0,56,47.0,55,68.0,60,29.0,49,51.0,53,3
N13928350,3,60.0,56,72.0,55,85.0,60,52.0,49,71.0,53,4
N13928350,4,83.0,56,69.0,55,85.0,60,64.0,49,72.0,53,4
N13928352,1,32.0,56,31.0,55,18.0,60,53.0,49,46.0,53,2
N13928353,3,54.0,56,44.0,55,44.0,60,48.0,49,56.0,53,3
N13928354,2,19.0,56,31.0,55,21.0,60,42.0,49,39.0,53,2
N13928356,5,55.0,56,46.0,55,46.0,60,34.0,49,46.0,53,3
N13928358,1,14.0,56,38.0,55,25.0,60,45.0,49,30.0,53,2
N13928358,1,14.0,56,38.0,55,25.0,60,45.0,49,30.0,53,2
N13928358,3,51.0,56,62.0,55,76.0,60,52.0,49,61.0,53,4
N13928362,1,44.0,56,41.0,55,28.0,60,57.0,49,44.0,53,2
N13928362,1,62.0,56,59.0,55,59.0,60,45.0,49,51.0,53,3
N13928363,1,48.0,56,44.0,55,36.0,60,53.0,49,43.0,53,2
N13928363,2,50.0,56,50.0,55,49.0,60,59.0,49,59.0,53,3
N13931868,6,63.0,56,51.0,55,52.0,60,32.0,49,45.0,53,3
N13931869,3,54.0,56,47.0,55,48.0,60,56.0,49,56.0,53,3
N13935442,1,19.0,56,24.0,55,23.0,60,46.0,49,49.0,53,2
N13935442,1,22.0,56,34.0,55,37.0,60,49.0,49,50.0,53,3
N13935444,1,53.0,56,42.0,55,41.0,60,51.0,49,35.0,53,3
N13935445,1,11.0,56,20.0,55,15.0,60,51.0,49,36.0,53,2
N13935445,1,17.0,56,31.0,55,24.0,60,44.0,49,41.0,53,2
N13935445,2,48.0,56,52.0,55,58.0,60,53.0,49,70.0,53,3
N13935445,2,67.0,56,69.0,55,72.0,60,53.0,49,70.0,53,4
N13935445,2,70.0,56,74.0,55,77.0,60,40.0,49,61.0,53,4
N13935446,1,32.0,56,33.0,55,19.0,60,51.0,49,43.0,53,2
N13935448,2,60.0,56,58.0,55,57.0,60,52.0,49,52.0,53,3
N13935450,1,60.0,56,54.0,55,55.0,60,52.0,49,35.0,53,3
N13935451,5,65.0,56,56.0,55,68.0,60,21.0,49,46.0,53,3
N13935453,1,28.0,56,26.0,55,19.0,60,52.0,49,43.0,53,2
N13935453,2,24.0,56,35.0,55,40.0,60,55.0,49,61.0,53,3
N13935453,2,26.0,56,40.0,55,50.0,60,55.0,49,68.0,53,3
N13935453,3,49.0,56,61.0,55,71.0,60,51.0,49,73.0,53,4
N13935453,4,87.0,56,60.0,55,91.0,60,23.0,49,48.0,53,5
N13935453,5,90.0,56,80.0,55,93.0,60,34.0,49,65.0,53,5
N13935455,2,14.0,56,21.0,55,26.0,60,24.0,49,24.0,53,1
N13935456,1,59.0,56,47.0,55,42.0,60,58.0,49,44.0,53,3
N13935456,1,72.0,56,61.0,55,63.0,60,51.0,49,54.0,53,4
N13935457,3,36.0,56,33.0,55,34.0,60,44.0,49,52.0,53,3
N13935458,1,60.0,56,56.0,55,55.0,60,38.0,49,44.0,53,3
N13935459,1,39.0,56,40.0,55,33.0,60,52.0,49,55.0,53,3
N13935459,1,14.0,56,14.0,55,36.0,60,37.0,49,15.0,53,2
N13935461,3,44.0,56,51.0,55,43.0,60,43.0,49,62.0,53,3
N13935461,3,51.0,56,66.0,55,71.0,60,54.0,49,59.0,53,4
N13935461,3,19.0,56,60.0,55,58.0,60,56.0,49,63.0,53,3
N13935462,2,19.0,56,30.0,55,33.0,60,52.0,49,63.0,53,3
N13935521,4,61.0,56,35.0,55,57.0,60,19.0,49,33.0,53,3
N13935522,1,58.0,56,42.0,55,41.0,60,55.0,49,43.0,53,3
N13935522,3,68.0,56,54.0,55,68.0,60,31.0,49,42.0,53,3
N13938668,3,44.0,56,42.0,55,38.0,60,38.0,49,48.0,53,2
N13938674,2,43.0,56,36.0,55,28.0,60,45.0,49,51.0,53,3
N13938675,2,15.0,56,33.0,55,25.0,60,58.0,49,28.0,53,2
N13938676,2,20.0,56,47.0,55,38.0,60,43.0,49,51.0,53,3
N13938676,2,21.0,56,53.0,55,45.0,60,44.0,49,50.0,53,3
N13938676,2,21.0,56,39.0,55,48.0,60,51.0,49,45.0,53,2
N13938676,2,18.0,56,47.0,55,48.0,60,57.0,49,59.0,53,3
N13938681,1,48.0,56,41.0,55,34.0,60,50.0,49,38.0,53,2
N13941894,1,12.0,56,19.0,55,14.0,60,52.0,49,41.0,53,2
N13941894,4,74.0,56,59.0,55,69.0,60,32.0,49,51.0,53,4
N13941894,4,81.0,56,69.0,55,75.0,60,33.0,49,51.0,53,4
N13941894,4,83.0,56,78.0,55,80.0,60,49.0,49,49.0,53,4
N13941898,3,34.0,56,42.0,55,39.0,60,50.0,49,55.0,53,3
N13941898,3,59.0,56,60.0,55,77.0,60,55.0,49,55.0,53,4
N13941899,2,53.0,56,42.0,55,38.0,60,59.0,49,52.0,53,3
N13941903,2,38.0,56,53.0,55,49.0,60,55.0,49,59.0,53,3
N13941903,2,11.0,56,50.0,55,54.0,60,44.0,49,23.0,53,3
N13941903,2,21.0,56,59.0,55,58.0,60,41.0,49,50.0,53,3
N13941903,5,82.0,56,68.0,55,88.0,60,33.0,49,66.0,53,4
N13941904,3,39.0,56,40.0,55,36.0,60,45.0,49,52.0,53,3
N13941904,3,39.0,56,40.0,55,36.0,60,55.0,49,53.0,53,3
N13941904,3,40.0,56,40.0,55,36.0,60,56.0,49,53.0,53,3
N13941907,1,10.0,56,33.0,55,25.0,60,53.0,49,25.0,53,2
N13941909,2,12.0,56,24.0,55,23.0,60,37.0,49,25.0,53,1
N13941911,3,37.0,56,38.0,55,36.0,60,49.0,49,50.0,53,3
N13941914,4,61.0,56,51.0,55,51.0,60,54.0,49,53.0,53,3
N13941915,1,27.0,56,27.0,55,20.0,60,49.0,49,40.0,53,2
N13941990,3,65.0,56,58.0,55,68.0,60,54.0,49,55.0,53,3
N13941990,3,70.0,56,71.0,55,83.0,60,61.0,49,57.0,53,4
N13942002,3,58.0,56,53.0,55,49.0,60,52.0,49,50.0,53,3
N13942002,4,65.0,56,58.0,55,66.0,60,48.0,49,58.0,53,3
N13942002,5,80.0,56,54.0,55,74.0,60,21.0,49,38.0,53,4
N13942002,5,80.0,56,54.0,55,74.0,60,21.0,49,38.0,53,4
N13942006,1,14.0,56,32.0,55,29.0,60,46.0,49,27.0,53,2
N13942006,2,67.0,56,62.0,55,57.0,60,54.0,49,62.0,53,3
N13942006,2,74.0,56,71.0,55,71.0,60,50.0,49,64.0,53,4
N13942006,2,77.0,56,73.0,55,75.0,60,54.0,49,66.0,53,4
N13944399,2,51.0,56,44.0,55,47.0,60,55.0,49,54.0,53,3
N13944402,1,56.0,56,48.0,55,41.0,60,52.0,49,44.0,53,3
N13944403,3,88.0,56,41.0,55,38.0,60,29.0,49,26.0,53,4
N13944404,2,28.0,56,30.0,55,28.0,60,62.0,49,46.0,53,2
N13944406,2,40.0,56,31.0,55,29.0,60,30.0,49,47.0,53,2
N13944435,3,62.0,56,60.0,55,66.0,60,60.0,49,58.0,53,3
N13944435,3,70.0,56,66.0,55,74.0,60,55.0,49,57.0,53,4
N13944438,2,50.0,56,41.0,55,41.0,60,54.0,49,59.0,53,3
N13944439,4,59.0,56,53.0,55,56.0,60,58.0,49,51.0,53,3
N13944440,1,35.0,56,26.0,55,23.0,60,52.0,49,42.0,53,2
N13944441,2,50.0,56,38.0,55,33.0,60,52.0,49,50.0,53,3
N13944441,3,42.0,56,41.0,55,36.0,60,54.0,49,57.0,53,3
N13948374,1,59.0,56,43.0,55,41.0,60,56.0,49,41.0,53,3
N13948374,1,65.0,56,56.0,55,62.0,60,52.0,49,51.0,53,3
N13948375,3,42.0,56,43.0,55,38.0,60,49.0,49,62.0,53,3
N13948375,3,42.0,56,43.0,55,38.0,60,49.0,49,62.0,53,3
N13948376,2,49.0,56,32.0,55,27.0,60,50.0,49,44.0,53,2
N13948378,1,40.0,56,41.0,55,28.0,60,52.0,49,43.0,53,2
N13948378,2,11.0,56,32.0,55,36.0,60,49.0,49,18.0,53,2
N13952639,2,46.0,56,31.0,55,27.0,60,50.0,49,38.0,53,2
N13952645,1,73.0,56,40.0,55,35.0,60,45.0,49,28.0,53,4
N13957603,1,33.0,56,39.0,55,23.0,60,48.0,49,43.0,53,2
N13957605,2,50.0,56,44.0,55,43.0,60,59.0,49,47.0,53,3
N14000570,1,26.0,56,23.0,55,14.0,60,47.0,49,44.0,53,2
N14004101,3,61.0,56,50.0,55,56.0,60,36.0,49,45.0,53,3
N14004101,3,69.0,56,67.0,55,72.0,60,43.0,49,55.0,53,4
N14004103,4,27.0,56,37.0,55,43.0,60,48.0,49,45.0,53,2
N14004103,5,74.0,56,62.0,55,67.0,60,54.0,49,68.0,53,4
N14004103,5,81.0,56,79.0,55,74.0,60,53.0,49,55.0,53,4
N14004103,5,85.0,56,79.0,55,83.0,60,52.0,49,50.0,53,4
N14004103,5,84.0,56,81.0,55,87.0,60,50.0,49,55.0,53,4
N14004107,3,10.0,56,21.0,55,21.0,60,34.0,49,25.0,53,1
N14004111,3,42.0,56,47.0,55,41.0,60,52.0,49,66.0,53,3
N14004111,6,70.0,56,61.0,55,69.0,60,61.0,49,66.0,53,3
N14008078,2,70.0,56,38.0,55,35.0,60,46.0,49,26.0,53,3
N14008079,1,60.0,56,58.0,55,55.0,60,39.0,49,44.0,53,3
N14008079,3,58.0,56,59.0,55,67.0,60,53.0,49,58.0,53,3
N14008079,5,92.0,56,57.0,55,88.0,60,25.0,49,34.0,53,5
N14008079,5,92.0,56,57.0,55,88.0,60,29.0,49,35.0,53,5
N14964572,5,23.0,56,35.0,55,47.0,60,25.0,49,34.0,53,2
N14964576,2,48.0,56,32.0,55,33.0,60,50.0,49,47.0,53,2
N14964576,2,53.0,56,32.0,55,33.0,60,57.0,49,52.0,53,3
N14964576,2,69.0,56,63.0,55,70.0,60,57.0,49,52.0,53,3
N14964576,2,69.0,56,63.0,55,70.0,60,56.0,49,57.0,53,3
N14964581,2,50.0,56,48.0,55,48.0,60,50.0,49,58.0,53,3
N14964581,2,62.0,56,64.0,55,71.0,60,37.0,49,64.0,53,4
N14964581,2,67.0,56,74.0,55,80.0,60,37.0,49,66.0,53,4
N14964584,1,41.0,56,42.0,55,35.0,60,52.0,49,53.0,53,3
N14964584,2,42.0,56,57.0,55,46.0,60,45.0,49,65.0,53,3
N14964584,2,58.0,56,68.0,55,61.0,60,43.0,49,70.0,53,3
N14964584,2,62.0,56,71.0,55,69.0,60,47.0,49,64.0,53,4
N14964589,1,35.0,56,26.0,55,21.0,60,57.0,49,41.0,53,2
N14964589,1,65.0,56,43.0,55,50.0,60,45.0,49,28.0,53,3
N14964592,1,60.0,56,54.0,55,58.0,60,59.0,49,40.0,53,3
N14967835,1,32.0,56,33.0,55,20.0,60,51.0,49,40.0,53,2
N14967839,2,17.0,56,41.0,55,54.0,60,52.0,49,45.0,53,3
N14967840,3,56.0,56,50.0,55,48.0,60,44.0,49,47.0,53,3
N14967842,1,64.0,56,56.0,55,55.0,60,46.0,49,52.0,53,3
N14967842,1,29.0,56,27.0,55,32.0,60,32.0,49,34.0,53,2
N14967842,2,18.0,56,53.0,55,65.0,60,53.0,49,39.0,53,3
N14967845,3,49.0,56,39.0,55,35.0,60,43.0,49,46.0,53,2
N14967846,1,60.0,56,53.0,55,58.0,60,56.0,49,36.0,53,3
N14971122,4,70.0,56,42.0,55,60.0,60,21.0,49,46.0,53,3
N14971122,4,76.0,56,61.0,55,74.0,60,27.0,49,50.0,53,4
N14971125,2,42.0,56,39.0,55,34.0,60,55.0,49,48.0,53,2
N14971125,2,55.0,56,64.0,55,54.0,60,41.0,49,63.0,53,3
N14971125,2,59.0,56,74.0,55,67.0,60,39.0,49,61.0,53,4
N14971125,2,20.0,56,59.0,55,59.0,60,48.0,49,57.0,53,3
N14971131,3,58.0,56,50.0,55,62.0,60,23.0,49,36.0,53,3
N14971132,1,45.0,56,39.0,55,19.0,60,38.0,49,37.0,53,2
N14971133,2,37.0,56,44.0,55,35.0,60,55.0,49,64.0,53,3
N14971133,3,51.0,56,64.0,55,88.0,60,31.0,49,59.0,53,4
N14971133,3,68.0,56,72.0,55,91.0,60,31.0,49,56.0,53,5
N14974254,2,41.0,56,40.0,55,41.0,60,49.0,49,65.0,53,3
N14974254,2,18.0,56,42.0,55,43.0,60,49.0,49,33.0,53,2
N14974254,2,17.0,56,33.0,55,65.0,60,39.0,49,14.0,53,3
N14974293,2,64.0,56,44.0,55,40.0,60,50.0,49,36.0,53,3
N14974293,2,64.0,56,45.0,55,40.0,60,55.0,49,38.0,53,3
N14974294,1,62.0,56,60.0,55,60.0,60,38.0,49,53.0,53,3
N14974294,2,60.0,56,61.0,55,69.0,60,60.0,49,59.0,53,3
N14974296,2,47.0,56,43.0,55,36.0,60,44.0,49,39.0,53,2
N14974301,5,73.0,56,52.0,55,69.0,60,44.0,49,35.0,53,4
N14977805,1,53.0,56,35.0,55,40.0,60,32.0,49,33.0,53,3
N14977807,3,74.0,56,57.0,55,70.0,60,28.0,49,34.0,53,4
N14977808,1,33.0,56,23.0,55,16.0,60,33.0,49,31.0,53,2
N14977808,2,62.0,56,59.0,55,46.0,60,32.0,49,46.0,53,3
N14977808,2,66.0,56,71.0,55,56.0,60,40.0,49,55.0,53,4
N14977808,3,86.0,56,76.0,55,91.0,60,31.0,49,59.0,53,5
N14977809,3,50.0,56,48.0,55,42.0,60,48.0,49,60.0,53,3
N14977826,2,59.0,56,63.0,55,67.0,60,55.0,49,59.0,53,3
N14977826,2,71.0,56,71.0,55,79.0,60,53.0,49,58.0,53,4
N14977826,2,75.0,56,78.0,55,84.0,60,55.0,49,62.0,53,4
N14977826,2,77.0,56,76.0,55,89.0,60,46.0,49,68.0,53,4
N14977826,2,77.0,56,82.0,55,92.0,60,48.0,49,65.0,53,5
N14977826,2,81.0,56,70.0,55,93.0,60,24.0,49,61.0,53,5
N14977826,2,81.0,56,72.0,55,91.0,60,26.0,49,56.0,53,5
N14977826,2,29.0,56,62.0,55,90.0,60,29.0,49,40.0,53,4
N14977826,3,81.0,56,82.0,55,92.0,60,45.0,49,67.0,53,5
N14977827,2,21.0,56,32.0,55,34.0,60,56.0,49,51.0,53,3
N14977828,2,65.0,56,44.0,55,34.0,60,58.0,49,51.0,53,3
N14977829,2,54.0,56,53.0,55,56.0,60,36.0,49,56.0,53,3
N14977829,2,71.0,56,63.0,55,74.0,60,52.0,49,57.0,53,4
N14977833,3,46.0,56,41.0,55,38.0,60,37.0,49,35.0,53,2
N14977833,3,46.0,56,41.0,55,38.0,60,37.0,49,44.0,53,2
N14980189,2,44.0,56,33.0,55,29.0,60,47.0,49,48.0,53,2
N14980190,1,42.0,56,44.0,55,32.0,60,59.0,49,35.0,53,2
N14980190,3,58.0,56,46.0,55,81.0,60,30.0,49,48.0,53,4
N14980191,2,64.0,56,55.0,55,60.0,60,52.0,49,57.0,53,3
N14980193,1,41.0,56,35.0,55,29.0,60,39.0,49,39.0,53,2
N14980196,6,62.0,56,61.0,55,70.0,60,57.0,49,69.0,53,3
N14980199,1,35.0,56,23.0,55,17.0,60,56.0,49,36.0,53,2
N15008839,1,74.0,56,49.0,55,49.0,60,47.0,49,19.0,53,4
N15008844,4,64.0,56,54.0,55,85.0,60,25.0,49,50.0,53,4
N15008848,2,44.0,56,45.0,55,38.0,60,49.0,49,59.0,53,3
N15008851,1,49.0,56,48.0,55,39.0,60,58.0,49,49.0,53,2
N15008851,1,24.0,56,27.0,55,25.0,60,57.0,49,48.0,53,2
N15008851,1,27.0,56,47.0,55,41.0,60,41.0,49,64.0,53,3
N15008851,1,27.0,56,48.0,55,48.0,60,38.0,49,67.0,53,3
N15008851,1,28.0,56,48.0,55,48.0,60,41.0,49,64.0,53,3
N15008851,1,28.0,56,48.0,55,48.0,60,41.0,49,64.0,53,3
N15008851,2,50.0,56,69.0,55,78.0,60,52.0,49,75.0,53,4
N15008851,2,55.0,56,74.0,55,87.0,60,44.0,49,79.0,53,4
N15008851,2,66.0,56,80.0,55,90.0,60,61.0,49,77.0,53,4
N15008851,2,68.0,56,77.0,55,91.0,60,44.0,49,70.0,53,5
N15008854,1,20.0,56,26.0,55,37.0,60,54.0,49,38.0,53,2
N15008854,1,20.0,56,39.0,55,37.0,60,42.0,49,41.0,53,2
N15008854,2,54.0,56,62.0,55,77.0,60,52.0,49,73.0,53,4
N15012650,2,22.0,56,33.0,55,40.0,60,35.0,49,37.0,53,2
N15012654,2,51.0,56,28.0,55,23.0,60,56.0,49,40.0,53,3
N15012654,3,51.0,56,50.0,55,63.0,60,24.0,49,59.0,53,3
N15012658,1,60.0,56,36.0,55,45.0,60,19.0,49,25.0,53,3
N15012662,1,10.0,56,29.0,55,31.0,60,52.0,49,21.0,53,2
N15012665,1,14.0,56,17.0,55,11.0,60,40.0,49,39.0,53,2
N15012674,1,15.0,56,30.0,55,23.0,60,54.0,49,32.0,53,2
N15016773,1,32.0,56,18.0,55,14.0,60,41.0,49,38.0,53,2
N15016774,2,40.0,56,43.0,55,32.0,60,53.0,49,52.0,53,3
N15016776,1,28.0,56,35.0,55,33.0,60,45.0,49,27.0,53,2
N15016790,1,62.0,56,59.0,55,51.0,60,36.0,49,47.0,53,3
N15016790,1,68.0,56,60.0,55,61.0,60,32.0,49,46.0,53,3
N15016794,3,13.0,56,25.0,55,30.0,60,37.0,49,32.0,53,2
N15016794,5,80.0,56,64.0,55,78.0,60,44.0,49,57.0,53,4
N15016795,3,70.0,56,60.0,55,61.0,60,43.0,49,30.0,53,3
N15020371,1,62.0,56,65.0,55,61.0,60,33.0,49,37.0,53,3
N15020373,4,60.0,56,40.0,55,51.0,60,28.0,49,41.0,53,3
N15020378,1,63.0,56,65.0,55,69.0,60,37.0,49,38.0,53,3
N15020378,2,75.0,56,57.0,55,71.0,60,33.0,49,54.0,53,4
N15020378,2,78.0,56,61.0,55,83.0,60,22.0,49,53.0,53,4
N15029731,2,16.0,56,45.0,55,41.0,60,54.0,49,48.0,53,2
N15029731,2,17.0,56,54.0,55,49.0,60,49.0,49,56.0,53,3
N15029746,2,43.0,56,30.0,55,30.0,60,53.0,49,45.0,53,2
N15029746,3,18.0,56,41.0,55,36.0,60,37.0,49,51.0,53,3
N15029747,2,50.0,56,47.0,55,46.0,60,62.0,49,62.0,53,3
N15031843,1,10.0,56,20.0,55,15.0,60,50.0,49,23.0,53,1
N15031844,3,60.0,56,49.0,55,56.0,60,37.0,49,46.0,53,3
N15031844,3,23.0,56,45.0,55,49.0,60,32.0,49,52.0,53,3
N15036329,2,61.0,56,58.0,55,56.0,60,40.0,49,44.0,53,3
N15036329,2,68.0,56,54.0,55,64.0,60,36.0,49,55.0,53,3
N15036329,2,73.0,56,68.0,55,69.0,60,27.0,49,57.0,53,4
N15036330,1,62.0,56,57.0,55,56.0,60,30.0,49,38.0,53,3
N15036330,1,68.0,56,54.0,55,66.0,60,33.0,49,48.0,53,3
N15036330,1,74.0,56,71.0,55,73.0,60,36.0,49,36.0,53,4
N15036330,1,77.0,56,70.0,55,77.0,60,28.0,49,52.0,53,4
N15036330,1,76.0,56,66.0,55,79.0,60,24.0,49,55.0,53,4
N15036330,2,71.0,56,61.0,55,80.0,60,42.0,49,66.0,53,4
N15036330,3,63.0,56,63.0,55,68.0,60,31.0,49,72.0,53,4
N15036330,3,74.0,56,67.0,55,81.0,60,27.0,49,71.0,53,4
N15036330,3,80.0,56,71.0,55,84.0,60,29.0,49,73.0,53,4
N15036330,3,80.0,56,71.0,55,84.0,60,32.0,49,70.0,53,4
N15039225,1,24.0,56,21.0,55,30.0,60,35.0,49,31.0,53,2
N15039225,1,21.0,56,36.0,55,35.0,60,28.0,49,39.0,53,2
N15039225,2,53.0,56,59.0,55,64.0,60,56.0,49,70.0,53,3
N15041800,2,33.0,56,29.0,55,25.0,60,26.0,49,41.0,53,2
N15041800,3,30.0,56,20.0,55,44.0,60,20.0,49,4.0,53,2
N15041801,1,27.0,56,30.0,55,24.0,60,30.0,49,40.0,53,2
N16002911,1,16.0,56,27.0,55,27.0,60,27.0,49,29.0,53,1
N16002914,2,50.0,56,40.0,55,58.0,60,33.0,49,46.0,53,3
N16002917,4,70.0,56,55.0,55,79.0,60,23.0,49,47.0,53,4
N16002918,1,43.0,56,38.0,55,28.0,60,38.0,49,38.0,53,2
N16002918,1,56.0,56,56.0,55,43.0,60,52.0,49,49.0,53,3
N16002918,1,56.0,56,56.0,55,43.0,60,52.0,49,49.0,53,3
N16002918,1,56.0,56,56.0,55,43.0,60,51.0,49,51.0,53,3
N16002927,1,12.0,56,19.0,55,12.0,60,41.0,49,28.0,53,1
N16002927,4,48.0,56,49.0,55,56.0,60,26.0,49,53.0,53,3
N16010888,1,39.0,56,38.0,55,31.0,60,52.0,49,50.0,53,3
N16010894,2,20.0,56,30.0,55,40.0,60,24.0,49,28.0,53,2
N16010896,2,46.0,56,39.0,55,47.0,60,27.0,49,37.0,53,2
N16014393,1,30.0,56,29.0,55,18.0,60,52.0,49,41.0,53,2
N16014400,1,32.0,56,33.0,55,19.0,60,48.0,49,38.0,53,2
N16014406,3,64.0,56,44.0,55,65.0,60,20.0,49,28.0,53,3
N16019331,1,22.0,56,23.0,55,14.0,60,46.0,49,39.0,53,2
N16019331,4,50.0,56,45.0,55,54.0,60,25.0,49,49.0,53,3
N16025645,3,62.0,56,51.0,55,75.0,60,30.0,49,40.0,53,4
N16025647,3,47.0,56,50.0,55,51.0,60,33.0,49,55.0,53,3
N16025649,3,72.0,56,56.0,55,75.0,60,35.0,49,49.0,53,4
N16025654,1,32.0,56,34.0,55,19.0,60,50.0,49,40.0,53,2
N16029012,3,14.0,56,24.0,55,38.0,60,28.0,49,18.0,53,2
N16032059,2,68.0,56,43.0,55,55.0,60,34.0,49,52.0,53,3
N16032078,1,40.0,56,22.0,55,16.0,60,44.0,49,33.0,53,2
N16035046,4,67.0,56,67.0,55,73.0,60,35.0,49,52.0,53,4
N16035049,3,42.0,56,38.0,55,38.0,60,30.0,49,47.0,53,2
N16035053,1,27.0,56,22.0,55,14.0,60,23.0,49,38.0,53,2
N16035055,1,29.0,56,28.0,55,21.0,60,23.0,49,37.0,53,2
N17003074,3,23.0,56,35.0,55,67.0,60,35.0,49,38.0,53,3
N17020230,1,16.0,56,32.0,55,25.0,60,42.0,49,40.0,53,2
N17020304,2,68.0,56,42.0,55,47.0,60,28.0,49,40.0,53,3
N17030154,2,54.0,56,24.0,55,56.0,60,40.0,49,39.0,53,3
N17032449,2,46.0,56,24.0,55,22.0,60,32.0,49,26.0,53,2
N17032460,2,58.0,56,42.0,55,55.0,60,30.0,49,40.0,53,3
N17032461,1,18.0,56,27.0,55,25.0,60,20.0,49,17.0,53,1
N17032461,2,47.0,56,42.0,55,55.0,60,23.0,49,45.0,53,3
N17032462,1,57.0,56,34.0,55,40.0,60,30.0,49,34.0,53,3
N17032471,1,47.0,56,34.0,55,32.0,60,24.0,49,32.0,53,2
N17032474,2,13.0,56,27.0,55,30.0,60,37.0,49,25.0,53,2
N17032494,2,54.0,56,43.0,55,58.0,60,31.0,49,49.0,53,3
N17032534,1,56.0,56,18.0,55,13.0,60,29.0,49,16.0,53,3
N17032573,2,46.0,56,38.0,55,36.0,60,32.0,49,49.0,53,2
N17032590,1,61.0,56,42.0,55,45.0,60,33.0,49,34.0,53,3
N17032615,1,16.0,56,18.0,55,25.0,60,15.0,49,4.0,53,1
N17032642,1,27.0,56,11.0,55,10.0,60,22.0,49,19.0,53,1
N18004493,1,59.0,56,40.0,55,60.0,60,44.0,49,32.0,53,3
N18004493,2,8.0,56,35.0,55,56.0,60,34.0,49,27.0,53,3
N18004494,4,21.0,56,31.0,55,30.0,60,59.0,49,52.0,53,3
N18019414,3,48.0,56,44.0,55,40.0,60,48.0,49,59.0,53,3
N18024665,1,61.0,56,43.0,55,43.0,60,22.0,49,18.0,53,3
N18038986,1,38.0,56,25.0,55,14.0,60,41.0,49,41.0,53,2
